Код;Наименование;Код группы груза;Класс
01100;ПШЕНИЦА;9;2
01200;РОЖЬ;9;2
01300;ОВЕС;9;2
01400;ЯЧМЕНЬ;9;2
01500;ЗЕРНО КУКУРУЗ;9;2
01701;РИС НЕШЕЛУШ;9;2
01702;РИС ШЕЛУШ;9;2
01703;РИС ПР;9;2
01801;ГРЕЧИХА;9;2
01802;ЗЕРНО БОБОВ;9;2
01803;ЗЕРНО ГОРОХА;9;2
01804;ЗЕРНО ФАСОЛИ;9;2
01805;ЗЕРНОВЫЕ ПР;9;2
01806;ЗЕРНООТХОДЫ;9;2
01807;НУТ;9;2
01809;ПРОСО;9;2
01810;СМЕСЬ ЗЕРНОВ;9;2
01811;СОЛОД В ЗЕРНЕ;9;2
01812;СОРГО;9;2
01813;ЧЕЧЕВИЦА;9;2
01816;БОБЫ МУНГ;9;2
02100;СЕМЕНА ТЕХ;9;2
02103;ЗЕРНО МАКА;9;2
02104;СЕМЕНА КЕНАФА;9;2
02106;СЕМЕНА КУНЖУТА;9;2
02107;СЕМЕНА ЛЬНА;9;2
02108;СЕМЕНА МАСЛ ПР;9;2
02109;СЕМЕНА ПОДСОЛН;9;2
02110;СЕМЕНА СОИ;9;2
02112;СЕМЯ КОРИАНДР;9;2
02114;СЕМЕНА КЛЕЩЕВИН;9;2
02200;СЕМЕНА ХЛОПЧАТН;10;2
02403;СЕМЕНА КОРМ ПР;9;2
02404;СЕМЕНА ЛЕКАРСТВ;9;2
02406;СЕМЕНА ЛЮЦЕРНЫ;9;2
02407;СЕМЕНА ОВОЩ БАХ;9;2
02411;СЕМЕНА ТЫКВЫ;9;2
02412;СЕМЕНА ЦВЕТОЧН;9;2
03101;ХЛОПОК-СЫРЕЦ;10;2
04103;БОБЫ ОВОЩН СВЕЖ;10;2
04105;ГОРОХ ОВОЩ СВЕЖ;10;2
04106;ГРИБЫ СВЕЖ;10;2
04107;КОРНЕПЛОДЫ СВЕЖ;10;2
04109;КАПУСТА СВЕЖ;10;2
04111;ЛУК РЕПЧАТЫЙ;10;2
04112;ОВОЩИ СВЕЖМОР;10;2
04113;ОВОЩИ СВЕЖИЕ ПР;10;2
04114;ОГУРЦЫ СВЕЖ;10;2
04116;ПЕРЕЦ СВЕЖ;10;2
04118;МОРКОВЬ СВЕЖ;10;2
04119;ТОМАТЫ СВЕЖ;10;2
04125;СВЕКЛА КОР СВЕЖ;10;2
04126;СВЕКЛА СТ СВЕЖ;10;2
04131;ФАСОЛЬ СВЕЖ;10;2
04134;ЧЕСНОК СВЕЖ;10;2
04201;АРБУЗЫ СВЕЖ;10;2
04301;КАРТОФЕЛЬ РАН;10;2
04302;КАРТОФЕЛЬ ПОЗДН;10;2
04303;КАРТОФЕЛЬ СЕМЕН;10;2
04400;СВЕКЛА САХАР;10;2
05101;АБРИКОСЫ СВЕЖ;10;2
05102;АЙВА СВЕЖ;10;2
05103;АЛЫЧА СВЕЖ;10;2
05104;АНАНАСЫ СВЕЖ;10;2
05105;БАНАНЫ СВЕЖ;10;2
05108;БРУСНИКА СВЕЖМ;10;2
05111;ГРАНАТЫ;10;2
05112;ГРУШИ СВЕЖ;10;2
05116;КЛЮКВА СВЕЖМОР;10;2
05119;МАСЛИНЫ СВЕЖ;10;2
05120;МУШМУЛА СВЕЖ;10;2
05122;ОБЛЕПИХА СВЕЖМ;10;2
05123;ПЕРСИКИ СВЕЖ;10;2
05130;ФРУКТЫ СВЕЖ ПР;10;2
05131;ФРУКТЫ СВЕЖМ ПР;10;2
05132;ХУРМА СВЕЖ;10;2
05137;ЯГОДЫ СВЕЖ ПР;10;2
05138;ЯГОДЫ СВЕЖМ ПР;10;2
05201;ЯБЛОКИ СВЕЖМОР;10;2
05202;ЯБЛОКИ СВЕЖ;10;2
05301;АПЕЛЬСИНЫ СВЕЖ;10;2
05302;ГРЕЙПФРУТЫ СВЕЖ;10;2
05303;ЛИМОНЫ СВЕЖ;10;2
05304;МАНДАРИНЫ СВЕЖ;10;2
05305;ПОМЕРАНЦЫ СВЕЖ;10;2
05306;ЦИТРУСОВЫЕ ПР;10;2
05401;АРАХИС;10;2
05403;КОПРА;10;2
05404;ОРЕХИ ГРЕЦКИЕ;10;2
05405;ОРЕХИ КЕДРОВЫЕ;10;2
05406;ОРЕХИ ЛЕЩИННЫЕ;10;2
05407;ОРЕХИ МИНДАЛЬН;10;2
05408;ОРЕХИ ПР;10;2
05409;ОРЕХИ ФИСТАШКОВ;10;2
05410;ЯДРА ОРЕХ ФРУКТ;10;2
06309;ЛОШАДИ;10;2
07102;КОРМА РАСТ ПР;10;2
07107;СЕНО ПРЕССОВ;10;2
07112;ТРОСТНИК;10;2
07114;ПЕЛЛЕТЫ ОТХ РАС;10;2
07201;ОТХОДЫ ТАБАЧНЫЕ;10;3
07202;СЫРЬЕ МАХОР ПР;10;3
07203;СЫРЬЕ ТАБАКА;10;3
07402;ТРАВА АНАБАЗИСА;10;2
07403;БОДЯГА;10;2
07404;ВОДОРОСЛИ ВС;10;2
07406;КАПУСТА МОРСК;10;2
07410;КОРНИ ЛЕКАРСТ;10;2
07415;ПОЧКИ БЕРЕЗ СОС;10;2
07416;РАСТЕНИЯ ЛЕКАР;10;2
07417;РОМАШКА ВС;10;2
07420;ХМЕЛЬ;10;2
07422;ШИПОВНИК;10;2
07423;ЯГОДЫ ЛЕКАР ПР;10;2
07501;ЛУКОВ ЦВЕТОЧ;10;2
07502;МИЦЕЛИЙ ШАМПИН;10;2
07505;РАССАДА ПР;10;2
07506;ЦВЕТЫ;10;2
07507;ЧЕРЕНКИ РАСТЕН;10;2
07601;ВОЛОС ВС;10;3
07604;ПЕРО ПТИЧЬЕ;10;3
07605;ПУХ ПТИЦ;10;3
07606;ПУХ ЖИВОТНЫХ;10;3
07608;ШЕРСТЬ МЫТАЯ;10;3
07609;ШЕРСТЬ НЕМЫТАЯ;10;3
07703;ЛОСКУТ КОЖ НЕВ;10;3
07708;СЫРЬЕ КОЖАН МОК;10;3
07714;ШКУРЫ НЕВ ПР;10;3
07801;АГРИМУС;10;2
07803;МУКА КОСТНАЯ;10;2
07806;УДОБРЕН ОРГ ПР;10;2
08101;БАМБУК;6;1
08102;БАЛАНСЫ ДО 1,5М;6;1
08103;БАЛАНСЫ СВ 1,5М;6;1
08104;БАЛАНСЫ ХВОЙН;6;1
08107;ЖЕРДИ КОЛЬЯ;6;1
08108;КРЯЖ;6;1
08109;ЛЕСМАТ ДО 2 М;6;1
08110;ЛЕСМАТ СВ 2М;6;1
08112;КРЯЖ СПИЧЕЧН;6;1
08113;ЛЕСМАТ КРУГ ПР;6;1
08114;ЛЕСМАТ СТРОИТ;6;1
08117;КРЯЖ ФАНЕРНЫЙ;6;1
08118;ПИЛОВОЧНИК ВС;6;1
08120;СТОЛБЫ ДЕРЕВ;6;1
08202;ПРОПСЫ;6;1
09101;БАЛКИ ДЕРЕВ;6;1
09102;ГОРБЫЛЬ;6;1
09104;ЗАГОТ ДЕРЕВ КАР;6;1
09106;ЗАГОТ ДЕРЕВ ПР;6;1
09109;ОБАПОЛ;6;1
09110;ПИЛМАТ ГРУЗ ВАГ;6;1
09111;ПИЛМАТ ПР;6;1
09112;СТОЙКИ ВАГ ДЕР;6;1
09113;ТРАВЕРСЫ;6;1
09114;ШТАКЕТНИК;6;1
09115;ДОЩЕЧКИ ЯЩИЧНЫЕ;6;1
09201;БРУСЬЯ СТР НЕПР;6;3
09204;ШПАЛЫ НЕПР НОВ;6;3
09205;ШПАЛЫ НЕПР СТАР;6;3
09301;БРУСЬЯ СТР ПРОП;6;3
09302;БРУС МОСТ ПРОП;6;3
09303;ШПАЛЫ ПРОП НОВ;6;3
09304;ШПАЛЫ ПРОП СТАР;6;3
09401;ПЛАСТИКИ ДРЕВ;6;3
09402;ПЛИТЫ ФАНЕР;6;3
09403;ТРУБЫ МУФТЫ ФАН;6;3
09404;ФАНЕРА БАКЕЛИЗ;6;3
09405;ФАНЕРА ДЕКОРАТ;6;3
09407;ФАНЕРА КЛЕЕНАЯ;6;3
09408;ФАНЕРА ОБЛИЦОВ;6;3
09409;ФАНЕРА ПР;6;3
09410;ШПОН ЛУЩ СТРОГ;6;3
10101;ДРОВА ДОЛГОТЬЕ;6;1
10102;ДРОВА ПР;6;1
10202;ДРЕВЕС ТОПЛ ПР;6;1
10301;МУКА ДРЕВЕС ПР;6;1
10304;ОПИЛКИ ДРЕВЕС Н;6;1
10305;ПРЕСС-ПОР ДРЕВ;6;1
10306;СТРУЖКИ ДРЕВ ВС;6;1
10307;ЩЕПА КР КРОВЕЛ;6;1
11100;ПР ЛЕСПРОД;10;2
11102;БРИКЕТЫ ПЕЛЕТ Д;10;2
11103;КОРА ПР;10;2
11105;КОРЬЕ ДУБИЛ КР;10;2
11106;ЛИСТЬЯ ВС;10;2
11107;ЛОЗА РАКИТНИК;10;2
11109;МЕТЛЫ КР ТРАВ;10;2
11111;НАПЛЫВЫ НАР ПР;10;2
11112;ОТХОДЫ ДРЕВЕС;10;2
11113;ЛЕСПРОДУКЦИЯ ПР;10;2
11114;ТРУТ ДРЕВЕСНЫЙ;10;2
11115;ФАШИНЫ;10;2
11116;ШИШКИ ХВОЙНЫЕ;10;2
11201;ДЕРЕВЬЯ КУСТЫ;10;2
11202;ЕЛКИ СРЕЗАННЫЕ;10;2
11205;САЖЕНЦЫ ВС;10;2
12101;БЛОКИ ДЕРЕВ;6;3
12102;ГОНТ КРОВЕЛЬНЫЙ;6;3
12103;ДВЕРИ ДЕРЕВ;6;3
12104;ДОМА ЩИТОВЫЕ;6;3
12105;ДОСКИ ПОДОК ДЕР;6;3
12106;ДОСКИ ШПУНТ ПОЛ;6;3
12108;ИЗДЕЛИЯ ДЕР ПР;6;3
12109;КАРНИЗЫ ДЕРЕВ;6;3
12110;КОМПЛЕКТЫ ДОМОВ;6;3
12111;КОНСТРУКЦ ДЕРЕВ;6;3
12112;НАЛИЧНИКИ ДЕРЕВ;6;3
12114;ПАРКЕТ;6;3
12115;ПЕРЕПЛЕТЫ ДЕРЕВ;6;3
12116;ПЛИНТУСЫ ДЕРЕВ;6;3
12201;ПЛИТЫ ДВП;6;3
12202;ПЛИТЫ ДСП;6;3
12203;ПЛИТЫ ОТХОД ДР;6;3
12301;БОЧКИ ДЕРЕВ НОВ;10;3
12303;КОМПЛЕКТ ЯЩ ДЕР;10;3
12304;ТАРА ДЕРЕВ Н ПР;10;3
12305;ТАРА ПЛЕТЕНАЯ;10;3
12306;ЯЩИКИ ДЕРЕВ НОВ;10;3
12403;ТАРА ДЕР ВОЗ ПР;10;3
12404;ЯЩИКИ ДЕРЕВ ВОЗ;10;3
12501;БАГЕТЫ;10;3
12502;БАРАБАНЫ ДЕРЕВ;10;3
12503;БАРАБАНЫ ДЕР ПР;10;3
12505;ВЕРСТАКИ;10;3
12506;ВЫШКИ ДЕРЕВ;10;3
12507;ГРАБЛИ ДЕРЕВ;10;3
12508;ДЕТАЛИ ПОЛ ДСП;10;3
12510;ИЗД ДЕРЕВ БЫТ;10;3
12511;ИЗД ДЕРЕВ ПТИЧН;10;3
12512;ИЗД ДЕРЕВ ПР;10;3
12513;ИЗД ПРОБК ПР;10;3
12514;ИЗД СТОЛЯР РАЗН;10;3
12515;ИНСТРУМ ИЗМ ДЕР;10;3
12516;КЛЕТКИ ДЕРЕВ;10;3
12517;КОНСТРУКЦ ДЕР К;10;3
12518;КОРЗИНЫ ЛУЧИН;10;3
12519;КОРОБА ДЕРЕВ;10;3
12520;КОРОБКИ ДЕРЕВ;10;3
12521;ЛЕСТНИЦЫ ДЕРЕВ;10;3
12522;ЛОПАТЫ ДЕРЕВ;10;3
12525;НАЛИЧНИКИ ДСВ;10;3
12527;ПЛАНКИ УПАКОВ;10;3
12528;ПЛИНТУСЫ ДСВ;10;3
12529;ПЛИТЫ АСБДРЕВ;10;3
12530;ПОДДОНЫ ДЕРЕВ;10;3
12531;ПРИЩЕПКИ ДЕРЕВ;10;3
12532;ПРОКЛАДКИ ДЕРЕВ;10;3
12534;РЕЙКИ ДЕРЕВ;10;3
12535;РАМЫ ДЕРЕВ;10;3
12536;РАМЫ ПАРН ДЕРЕВ;10;3
12537;РЕШЕТА ДЕРЕВ;10;3
12538;РУКОЯТКИ ДЕРЕВ;10;3
12539;ТОПОРИЩА ДЕРЕВ;10;3
12540;ТРАПЫ ДЕРЕВ;10;3
12541;ТРУБЫ ДЕРЕВ;10;3
12543;ФУТЛЯРЫ ДЕРЕВ;10;3
12545;ШТОРЫ ДРЕВЕС;10;3
12546;ЩИТЫ ДЕРЕВ;10;3
12601;СПИЧКИ КР ТЕРМС;10;2
12701;БАНКЕТКИ;10;3
12702;БУФЕТЫ;10;3
12703;ВЕШАЛКИ;10;3
12704;ГАРНИТУРЫ КУХОН;10;3
12705;ГАРНИТУРЫ СТОЛ;10;3
12706;ГАРНИТУРЫ СПАЛ;10;3
12707;ГАРНИТУРЫ ПР;10;3
12708;ДЕТАЛИ МЕБ ДЕР;10;3
12709;ДИВАНЫ-КРОВАТИ;10;3
12710;ДИВАНЫ;10;3
12711;ЗАГОТОВКИ ЩИТ;10;3
12713;КОМОДЫ;10;3
12714;КРЕСЛА ПР;10;3
12715;КРЕСЛА-КРОВАТИ;10;3
12716;КРОВАТИ ДЕР ВС;10;3
12717;КУШЕТКИ;10;3
12718;МАТРАЦЫ ПРУЖИН;10;3
12719;МЕБЕЛЬ ДЕТСКАЯ;10;3
12720;ОБОРУД ТОРГОВ;10;3
12721;МЕБЕЛЬ МЯГКАЯ;10;3
12722;МЕБЕЛЬ ПР;10;3
12723;НОСИЛКИ САНИТАР;10;3
12724;ПОЛКИ ДЛЯ КНИГ;10;3
12725;РЕАЛЫ ТИПОГРАФ;10;3
12727;СЕРВАНТЫ;10;3
12728;СТОЛЫ ДЕТСКИЕ;10;3
12729;СТОЛЫ ПР;10;3
12730;СТОЛЫ УЧЕНИЧ;10;3
12731;СТУЛЬЯ;10;3
12732;ТАБУРЕТКИ;10;3
12735;ШКАФЫ КУХОННЫЕ;10;3
12736;ШКАФЫ ПР;10;3
12737;ЯЩИКИ ОБУВ ИГР;10;3
13101;ВАТА ЦЕЛЛЮЛОЗН;10;3
13102;МАССА ДРЕВЕС ВС;10;3
13103;ОТБОР ДРЕВ ЦЕЛ;10;3
13106;ЦЕЛЛЮЛОЗА ПР;10;3
13107;ЦЕЛЛ СУЛФАТ БЕЛ;10;3
13108;ЦЕЛЛ СУЛФАТ НБ;10;3
13109;ЦЕЛЛ СУЛФИТ БЕЛ;10;3
13201;АЛИГНИН;10;3
13202;БУМАГА АЛЬБОМН;10;3
13203;БУМАГА АФИШН;10;3
13205;БУМАГА ГАЗЕТН;10;3
13207;БУМАГА ГОФРИРОВ;10;3
13208;БУМАГА ДЕКОРАТ;10;3
13209;БУМАГА Д/ПЕЧАТИ;10;3
13210;БУМАГА ИНДИКАТ;10;3
13211;БУМАГА КАРТОГР;10;3
13212;БУМАГА КОПИРОВ;10;3
13213;БУМАГА КУРИТЕЛ;10;3
13214;БУМАГА ОБОЙН;10;3
13215;БУМАГА ПИСЧ;10;3
13216;БУМАГА ПРОМОКАТ;10;3
13217;БУМАГА ПР;10;3
13218;БУМАГА САЛФЕТОЧ;10;3
13219;БУМАГА ЦВЕТН;10;3
13220;БУМАГА ЭЛЕКТЕХ;10;3
13221;БУМАГА ЭТИКЕТОЧ;10;3
13222;БУМАГА-ОСНОВА;10;3
13223;ГРАНИТОЛЬ БУМ;10;3
13224;КАЛЬКА ПР;10;3
13225;КАРТОН БИЛЕТН;10;3
13226;КАРТОН Д/ГОФРЫ;10;3
13228;КАРТОН КОРОБОЧН;10;3
13230;КАРТОН КРОВ НЕП;10;3
13231;КАРТОН ОБЛИЦОВ;10;3
13232;КАРТОН ПЕРЕПЛЕТ;10;3
13233;КАРТОН ОБУВН;10;3
13234;КАРТОН ПРОКЛАД;10;3
13235;КАРТОН ПР;10;3
13237;КАРТОН СТР ПР;10;3
13238;КАРТОН ТАРН;10;3
13239;КАРТОН ТЕХНИЧ;10;3
13241;КАРТОН ШПУЛЬН;10;3
13242;ПЕРГАМЕНТ;10;3
13243;ПОДПЕРГАМЕНТ;10;3
13244;ЭЛЕКТРОКАРТОН;10;3
13301;ГИЛЬЗЫ ПАПИРОСН;10;3
13302;ИЗДЕЛИЯ БУМ ПР;10;3
13303;ИЗДЕЛИЯ КАРТ ПР;10;3
13304;ИЗДЕЛИЯ ФИБР ПР;10;3
13306;КАРТОН ГОФРИРОВ;10;3
13307;КОНВЕРТЫ БУМ;10;3
13308;КОРОБКИ КАРТОН;10;3
13309;КРАФТМЕШКИ;10;3
13310;ЛЕНТА БУМ;10;3
13311;МЕШКИ БУМ;10;3
13312;НАБИВКИ БУМ;10;3
13313;ОБОИ;10;3
13314;ПАКЕТЫ БУМ;10;3
13315;ПАПКИ ОБЛОЖКИ;10;3
13316;ПРОКЛАДКИ Д/ЯИЦ;10;3
13317;ТАРА БУМ КАРТ;10;3
13318;ФИБРА;10;3
13319;ШПАГАТ ШНУР БУМ;10;3
13320;ЯЩИКИ КАРТОН ВС;10;3
13321;ИЗДЕЛИЯ БУМ С-Т;10;3
14101;АГЛОМЕРАТ Ж/РУД;4;1
14102;АГЛОМЕРАТ ХРОМ;4;1
14103;БРИКЕТЫ ЖЕЛЕЗ;4;1
14106;ЖЕЛЕЗНЯК МАГНИТ;4;1
14108;КВАРЦИТЫ (Ж-РУД;4;1
14109;КОНЦЕНТРАТ ЖЛРУ;4;1
14110;КОНЦЕНТРАТ ХРОМ;4;1
14111;ОКАТЫШИ Ж/РУД;4;1
14112;ПЫЛЬ КОЛОШНИК;4;1
14113;АГЛОРУДА;4;1
14114;РУДА ЖЕЛЕЗ ДОМ;4;1
14115;РУДА ЖЕЛЕЗ МАРТ;4;1
14116;РУДА ЖЕЛЕЗ ПР;4;1
14117;РУДА ХРОМОВ;4;1
14118;РУДЫ ЧЕРМЕТ ПР;4;1
14119;ЖЕЛЕЗО ГУБЧАТ;4;1
14201;АГЛОМЕРАТ МАРГ;4;1
14203;КОНЦЕНТР МАРГ;4;1
14205;ПИРОКСИДЫ;4;1
14206;РУДА МАРГ ПР;4;1
15101;АГЛОМ ТИТ/МАРГ;4;1
15103;БОКСИТЫ;4;1
15104;БРИКЕТ ТИТ/МАГН;4;1
15106;ГЛИНОЗЕМ;4;1
15107;КЛИНКЕР ЦВЕТМЕТ;4;1
15110;КОНЦЕНТР ВОЛЬФР;4;1
15111;КОНЦЕНТ ИЛЬМЕН;4;1
15113;КОНЦЕНТР КОБАЛТ;4;1
15116;КОНЦЕНТР МЕДН;4;1
15117;КОНЦЕНТР МОЛИБД;4;1
15119;КОНЦЕНТР НИКЕЛ;4;1
15120;КОНЦЕНТР ОЛОВЯН;4;1
15121;КОНЦЕНТ ЦМЕТ ПР;4;1
15123;КОНЦЕНТР СВИНЦ;4;1
15124;КОНЦЕНТР СУРЬМ;4;1
15125;КОНЦЕНТР ЦИНКОВ;4;1
15126;КОНЦЕНТР ЦИРКОН;4;1
15127;КОНЦЕНТР ШЛИХОВ;4;1
15129;ПЫЛЬ КОТРЕЛЬН;4;1
15133;РУДА АЛЮМИН ПР;4;1
15135;РУДА ИЛЬМЕНИТ;4;1
15139;РУДА МЕДН;4;1
15144;РУДА НЕФЕЛИНОВ;4;1
15146;РУДА ОЛОВЯН;4;1
15152;РУДА СУРЬМЯН;4;1
15153;РУДА ТИТ/МАГНЕТ;4;1
15154;РУДА ЦИНКОВ;4;1
15155;РУДЫ ДРАГМЕТ;4;1
15156;РУДЫ ЦВЕТМЕТ ПР;4;1
15158;СТРОНЦИАН ПРИР;4;1
15162;ШЛАМ ЦВЕТМЕТ ПР;4;1
15164;ШТЕЙН МЕДН;4;1
15165;ШТЕЙН НИКЕЛЕВ;4;1
15201;КОЛЧЕДАН УГЛИСТ;4;1
15203;ПИРИТ ВС;4;1
15302;СЫРЬЕ СЕРН ПР;4;1
16101;АНТРАЦИТ;1;1
16103;БРИКЕТЫ КАМ/УГ;1;1
16104;КОНЦЕНТР УГОЛЬН;1;1
16106;ПРОМПРОДУКТ УГ;1;1
16108;УГ БУР ПОДМОС;1;1
16109;УГ БУР НЕПОДМОС;1;1
16110;УГОЛЬ ГРАННУЛИР;1;1
16111;УГОЛЬ Г;1;1
16112;УГОЛЬ Д;1;1
16113;УГОЛЬ Ж;1;1
16114;УГОЛЬ К;1;1
16115;УГОЛЬ ОС-ОТОЩ;1;1
16117;УГОЛЬ СС;1;1
16118;УГОЛЬ Т;1;1
16120;УГОЛЬ КАМЕН ПР;1;1
16121;УГОЛЬ ПЫЛЕВИД;1;1
16122;ШИХТА УГОЛЬН;1;1
17101;БРИКЕТЫ КОКСА;2;1
17103;КОКС ДОМЕН;2;1
17105;КОКС ЛИТЕЙН;2;1
17106;КОКС ПЕК КАМ/УГ;2;1
17107;КОКС ЭЛЕКТРОДН;2;1
17108;КОКС ПР;2;1
17109;КОКСИК ВС;2;1
17110;МЕЛОЧЬ КОКСОВ;2;1
17111;ОРЕШЕК КОКСОВ;2;1
17112;ПОЛУКОКС;2;1
17113;ПЫЛЬ КОКСОВ;2;1
18101;БРИКЕТЫ ТОРФЯН;10;1
18103;ПЫЛЬ ТОРФЯН;10;1
18104;ТОРФ КУСКОВ ТОП;10;1
18105;ТОРФ ТОПЛИВН ПР;10;1
18106;ТОРФ ФРЕЗЕРН;10;1
18201;ГОРШОЧКИ ТОРФЯН;10;1
18202;ГРУНТ ТОРФЯН;10;1
18203;КРОШКА ТОРФЯН;10;1
18206;ТОРФ ИЗВЕСТ;10;1
18207;ТОРФ КУСКОВ;10;1
18208;ТОРФ ФРЕЗЕР;10;1
18209;ТОРФОБЛОКИ;10;1
18210;ТОРФОКОМПОСТЫ;10;1
18211;УДОБР ТОРФОМИН;10;1
19104;МУКА СЛАНЦЕВ;10;1
19106;СЛАНЦЫ ГОРЮЧ ПР;10;1
20100;НЕФТЬ СЫРАЯ;3;2
21101;БЕНЗИН АВИАЦИОН;3;2
21102;БЕНЗИН АВТОМОБ;3;2
21103;БЕНЗИН Д/ПРОМЫШ;3;2
21105;БЕНЗИН МОТОРН;3;2
21110;БЕНЗИН-РАСТВОР;3;2
21111;БЕНЗИНЫ ПР;3;2
21115;ТОП Т-1 ТС Т-2;3;2
21201;КЕРОСИН ОСВЕТ;3;2
21202;КЕРОСИН ПР;3;2
21203;КЕРОСИН-РАСТВОР;3;2
21205;ТОПЛИВО Д/РЕАК;3;2
21208;ЛИГРОИН;3;2
21209;КЕРОСИН СИН Ф-Т;3;2
21301;АВТОЛЫ ПР;3;2
21303;ВАЗЕЛИНЫ КР МЕД;3;2
21306;ВИСКОЗИН;3;2
21308;ГЕРМЕТИК АГ-4;3;2
21310;ДИСТИЛЛЯТЫ МАС;3;2
21311;ЖИДКОСТИ СМАЗОЧ;3;2
21314;КОМПАУНДЫ МАСЕЛ;3;2
21316;МАСЛА ИНДУСТР;3;2
21318;МАСЛА СВЕТ ПР;3;2
21319;МАСЛА ТЕМН ПР;3;2
21320;МАСЛО АВИАЦИОНН;3;2
21321;МАСЛО АВТОМОБИЛ;3;2
21322;МАСЛО АВТОТРАКТ;3;2
21323;МАСЛО ВАЗЕЛИНОВ;3;2
21325;МАСЛО ГИДРАВЛИЧ;3;2
21327;МАСЛО Д/ПАР МАШ;3;2
21329;МАСЛО ИНДУСТ;3;2
21330;МАСЛО КОМПРЕС;3;2
21332;МАСЛО МИНЕРАЛЬН;3;2
21333;МАСЛО МОТОРН;3;2
21335;МАСЛО НЕФТЯН;3;2
21336;МАСЛО ОСЕВ;3;2
21337;МАСЛО ПИРОЛИЗ;3;2
21338;МАСЛО ПОД;3;2
21341;МАСЛО ТРАНСМИС;3;2
21342;МАСЛО ТРАНСФОРМ;3;2
21343;МАСЛО ТУРБИН;3;2
21344;ПАСТА КОЖЕВЕН;3;2
21347;СМАЗКИ МИНЕР ПР;3;2
21348;СОЛИДОЛ;3;2
21350;ЭМУЛЬСИИ НЕФТЕМ;3;2
21351;ЭМУЛЬСОЛЫ;3;2
21403;ТОПЛИВО ВЫШ 61С;3;2
21404;ТОПЛИВО НИЖ 61С;3;2
21405;ТОПЛИВО ДИЗ ОРТ;3;2
21406;ТОПЛИВО ДИЗ ПР;3;2
21408;ТОПЛИВО МОТОРН;3;2
21409;ТОПЛИВО ПЕЧН;3;2
21410;ТОПЛИВ СУДОВ МА;3;2
21501;АЛКИЛБЕНЗИН;3;2
21502;АЛКИЛБЕНЗОЛ;3;2
21503;ГАЗОЙЛЬ;3;2
21505;НЕФТЕПРОД СВ ПР;3;2
21506;ОСТАТКИ НЕФТЯН;3;2
21507;ПИРОБЕНЗОЛ НЕФТ;3;2
21508;ПИРОКОНДЕН НЕФ;3;2
21509;ПРИСАДКИ К ТОПЛ;3;2
21516;ФР ГЕКСАН-ГЕПТ;3;2
21517;ФРАКЦИЯ ГЕКСАН;3;2
21518;ФРАКЦИЯ ИЗОПЕНТ;3;2
21519;ФРАКЦИЯ КЕР-ГАЗ;3;2
21520;ФРАКЦИЯ ПЕНТАН;3;2
21521;ПРОДУКТЫ ПИРОЛ;3;2
22101;МАЗУТ Д/МАРТ П;3;2
22102;МАЗУТ МЯГЧИТЕЛЬ;3;2
22104;МАЗУТ ПРЯМ ГОНК;3;2
22106;МАЗУТ ТОПОЧН;3;2
22107;МАЗУТ ФЛОТСК;3;2
22110;ОСТАТКИ НЕФ ТЯЖ;3;2
22113;ТОПЛИВО НЕФТЯН;3;2
22114;ДИСТИЛ ГАЗ КОНД;3;2
22201;БИТУМ КАМЕННОУГ;3;2
22202;БИТУМ НЕФТ ИЗОЛ;3;2
22203;РУБРАКС;3;2
22204;БИТУМЫ ВЯЗК;3;2
22205;БИТУМЫ ЖИДК;3;2
22206;БИТУМЫ НЕФ СТР;3;2
22207;БИТУМЫ НЕФ ПР;3;2
22209;ГУДРОН НЕФТЯН;3;2
22210;КОКС НЕФТЯН АНО;3;2
22211;БПМ-1;3;2
22213;ПОЛУГУДРОНЫ;3;2
22215;КОКС НЕФТЯН ПР;3;2
22216;СЫРЬЕ НЕФТБИТУМ;3;2
22301;АСФАЛЬТ ПРИРОДН;3;2
22302;АСФАЛЬТИТ;3;2
22303;БИТУМ ПРИРОДН;3;2
22401;ВОСК БУРОУГОЛЬН;3;2
22402;ЭВ-1;3;2
22404;ВОСК СИНТЕТИЧ;3;2
22406;ОЗОКЕРИТ;3;2
22407;ПАРАФ НЕФ ЖИД;3;2
22408;ПАРАФ НЕФ ТВ;3;2
22409;ПАРАФИНЫ ПР;3;2
22410;ПЕТРОЛАТУМ;3;2
22412;СОСТ СПЛАВ ВОСК;3;2
22413;ЦЕРЕЗИН ПЕТРОЛ;3;2
22414;ЦЕРЕЗИНЫ ПР;3;2
22501;АСИДОЛ-ДЕЭМУЛЬГ;3;2
22502;БРИКЕТИН;3;2
22503;АСИДОЛ-МЫЛОНАФТ;3;2
22504;ГАЧ ДИСТИЛЛЯТ;3;2
22506;ДИСТИЛЛЯТЫ НЕФТ;3;2
22507;КОНТАКТ ЧЕРН;3;2
22508;КРЕПИТЕЛИ;3;2
22509;КРЕПИТЕЛИ СТЕРЖ;3;2
22511;МЫЛОНАФТ;3;2
22513;НЕФТЕПР ТЕМ ПР;3;2
22514;ОСТАТ КУБОВ;3;2
22516;ОТХОДЫ МАСЛЯН;3;2
22520;ПРИСАДКИ МИНЕР;3;2
22521;ПРИСАДКИ РАЗЛИЧ;3;2
22523;СМЕСИ ОТРАБ НЕФ;3;2
22524;СМОЛА АЛКИЛБЕНЗ;3;2
22525;СМОЛА ПИРОЛ ТЯЖ;3;2
22526;СМОЛА ПИРОЛ ПР;3;2
22527;СМОЛА ПОЛИАЛКБ;3;2
22528;СМОЛЫ НЕФТ ПР;3;2
22529;СМОЛ НЕФ 61-90С;3;2
22530;СЫРЬЕ Д/ТЕХУГ;3;2
22602;БЕНЗИН СТАБИЛЬН;3;1
22604;БУТАН;3;1
22605;ВИНИЛ;3;1
22606;ДИСТ ГАЗОВ КОНД;3;1
22607;ГАЗЫ УГЛЕВОД ПР;3;1
22609;ИЗОБУТАН;3;1
22610;КОНДЕНСАТ ГАЗОВ;3;1
22611;МЕТАН СЖАТ;3;1
22612;ПРОПАН;3;1
22616;ФР БУТАН-БУТИЛ;3;1
22617;ФР БУТИЛЕН-АМИЛ;3;1
22618;ФР БУТИЛЕН-БУТД;3;1
22619;ФР БУТИЛЕН-ИЗБ;3;1
22623;ФРАКЦИЯ ПЕНТАИЗ;3;1
22624;ФРАКЦИЯ ПИПЕРИЛ;3;1
22626;ФР ПРОПАН-БУТАН;3;1
22627;ФР ПРОПАН-ПРОП;3;1
22628;ФРАКЦИЯ ПРОПИЛ;3;1
22629;ШФЛУ;3;1
23101;ГЛИНА ПР;7;1
23102;ГРУНТ;7;1
23103;ДЕРН;7;1
23105;КРОШКА ИЗВЕСТК;7;1
23106;МУСОР ПОСТРОЕЧ;7;1
23107;ПЕСОК СТРОИТ;7;1
23108;РАКУШКА МОРСК;7;1
23109;РАКУШКА ПР;7;1
23111;СМЕСЬ ГОРН АСБ;7;1
23112;СМЕСЬ ПЕСЧ-ГРАВ;7;1
23114;ПЫЛЬ ИНЕРТ;7;1
23204;БАЗАЛЬТ;7;1
23205;ГАББРО;7;1
23206;ГАЛЬКА;7;1
23208;ГРАВИЙ;7;1
23209;ГРАНИТ;7;1
23210;ДИАБАЗ;7;1
23212;ЗАПОЛН ЕСТ КАМ;7;1
23213;ИЗВЕСТНЯК СТР;7;1
23214;БУЛЫЖНИК;7;1
23215;БУТ;7;1
23216;КАМЕНЬ СТР ПР;7;1
23217;КАМЕНЬ ТАЛЬК;7;1
23218;КИАНИТ;7;1
23220;МРАМОР;7;1
23221;МРАМОР МОЛОТ;7;1
23222;МУКА АНДЕЗИТ;7;1
23223;МУКА АСПИД;7;1
23224;ОЛИВИН;7;1
23225;ОТСЕВ ГРАН КАМ;7;1
23227;ПЕРЛИТ ПР;7;1
23233;СИЕНИТ;7;1
23234;ТАЛЬК МОЛОТ;7;1
23235;ТРАС;7;1
23237;ТУФ ПР;7;1
23239;ЩЕБЕНЬ ГРАН ПР;7;1
23240;ЩЕБЕНЬ ГРАВ;7;1
23242;ШУНГИТ;7;1
23243;ЩЕБЕНЬ ПР;7;1
23244;ЩЕБЕНЬ 5Х10;7;1
23245;ЩЕБЕНЬ 5Х20;7;1
23246;ЩЕБЕНЬ 10Х20;7;1
23247;ЩЕБЕНЬ 20Х40;7;1
23248;ЗАПОЛН КАМЕН 2Х;7;1
23251;ГЛЫБЫ ИЗ ГОРН П;7;1
23301;АЛЕБАСТР;7;1
23302;АНГИДРИТ;7;1
23304;ГИПС ПР;7;1
23305;ГИПС ТЕХНИЧ;7;1
23306;ИЗВЕСТНЯК М ПР;7;1
23308;ИЗВЕСТЬ ГИДРАВЛ;7;1
23309;ИЗВЕСТЬ ГАШЕН;7;1
23310;ИЗВЕСТЬ КАРБОН;7;1
23311;ИЗВЕСТЬ НЕГАШЕН;7;1
23312;ИЗВЕСТЬ ПР;7;1
23314;ЛИТИН;7;1
23315;МЕЛ;7;1
23316;МЕЛ ТЕХНОЛОГИЧ;7;1
23318;ПОРОШОК ИЗВЕСТК;7;1
23319;ПОРОШОК МИНЕРАЛ;7;1
23320;ПЫЛЬ ЦЕМ ПЕЧЕЙ;7;1
23322;ГИПС МЕДИЦИНСКИ;7;1
23401;ВЕРМИКУЛИТ ВСП;7;1
23402;КЕРАМЗИТ;7;1
23403;ПЕМЗА ЛИТОИД;7;1
23404;ПЕРЛИТ ВСПУЧЕН;7;1
23405;ТЕРМОЗИТ;7;1
23406;ШУНГИЗИТ;7;1
23407;ГРАВИЙ КЕРАМЗИТ;7;1
23408;ЗАПОЛ.ПОР НЕ ПН;7;1
23501;ЗОЛА ДРЕВЕСН;7;1
23502;ЗОЛА КАМЕННОУГ;7;1
23503;ЗОЛА ПР;7;1
23505;ЗОЛА ТОРФЯН;7;1
23506;СМЕСЬ ЗОЛОШЛАК;7;1
23507;ШЛАКИ ДОМЕН;7;1
23508;ШЛАКИ ПР;7;1
23509;ШЛАКИ ЭЛЕКТРПЕЧ;7;1
23601;БАЛЛАСТ Д/ЖД ВС;7;1
23602;ПЕСОК Д/ПЕС ЛОК;7;1
23603;ЩЕБЕНЬ Д/БАЛ ЖП;7;1
24103;АНДЕЗИТЫ;7;1
24104;АРГИЛЛИТ;7;1
24106;АСПИД;7;1
24107;БОЙ ГРАФИТОВ;7;1
24108;БОЙ ЛОМ КАРБОР;7;1
24109;БОЙ ЛОМ КОРУНД;7;1
24110;БОЙ КЕРАМИЧ;7;1
24112;БОЙ КИРП ШАМОТ;7;1
24113;БОЙ КИРП ПР;7;1
24114;БОЙ НАЖД ТОЧ ШЛ;7;1
24115;БОЙ ОГНЕУП ИЗД;7;1
24116;БОЙ СТЕКЛЯН;7;1
24117;БОЙ ФАРФОРОВ;7;1
24118;БОЙ ФАЯНСОВ;7;1
24119;БОЙ ЭЛЕКТРОД;7;1
24121;ГЛИЕЖ;7;1
24122;ГЛИНА БЕНТОНИТ;7;1
24123;ГЛИНА КРАСИЛЬН;7;1
24124;ГЛИНА СУКНОВАЛ;7;1
24125;ГЛИНА ФАРФОРОВ;7;1
24127;ГЛИНА ФОРМОВОЧ;7;1
24128;ГЛИНОПОРОШОК;7;1
24129;ГРАФИТ;7;1
24130;ДОЛОМИТ СЫР ПР;7;1
24131;ЗЕМЛЯ ИНФУЗОРН;7;1
24132;КАМЕНЬ,ЩЕБЕНЬ Г;7;1
24133;КАМЕНЬ,ЩЕБЕНЬ И;7;1
24135;КВАРЦ КОНЦ КВАР;7;1
24136;КРЕМЕНЬ;7;1
24139;МАЛАХИТ;7;1
24142;ОТХОДЫ ИЗВЕС ПР;7;1
24143;ОТХОДЫ ИЗВ ФОСФ;7;1
24144;ПАСТА ЛИТЕЙН;7;1
24145;ПЕГМАТИТ;7;1
24146;ПЕСОК КВАРЦ;7;1
24147;ПЕСОК ФОРМОВОЧ;7;1
24148;ПОРОШКИ ДИАБАЗ;7;1
24149;ПОРОШОК ГРАФИТ;7;1
24151;ПРОДУКТ ПОЛЕВОШ;7;1
24152;УТЯЖЕЛИТЕЛИ ВС;7;1
24153;ФЛЮСЫ СВАРОЧ;7;1
24155;ЦЕЛЕСТИН;7;1
24159;МУКА ДОЛОМИТОВ;7;1
24160;ОКСИД МАГНИЯ ПР;7;1
24161;УГЛЕРОДСОД ДОБА;7;1
24201;БАРИТ;7;1
24203;КОНЦЕНТР БАРИТ;7;1
24205;РУДА БОРАТОВ;7;1
24206;РУДА БАРИТОВ;7;1
24207;РУДА КВАРЦЕВ;7;1
24208;РУДА МАГНЕЗИТОВ;7;1
24209;РУДА ФЛЮОРИТОВ;7;1
24210;РУДЫ НЕМЕТАЛ ПР;7;1
24211;СУЛЬФАТ НАТР;7;1
24212;КОНЦЕНТРАТ МИН;7;1
24213;КОНЦЕНТР НЕФЕЛ;7;1
24301;ЗЕРНО ШЛИФОВАЛ;7;2
24302;КАРБИД БОРА;7;2
24303;КАРБИД КРЕМ ЗЕР;7;2
24304;КАРБИД КРЕМ ПОР;7;2
24305;КОРУНД ПРИРОД;7;2
24306;МАТЕР АБРАЗПР;7;2
24307;МОНОКОРУНД;7;2
24308;НАЖДАК;7;2
24309;ЭЛЕКТРОКОРУНД;7;2
24402;ПЕМЗА ПР;7;2
24500;КЛИНКЕР ЦЕМЕНТ;7;1
24601;СИЛИКАТ-ГЛЫБА;7;1
25101;БЛОКИ АГЛОПОРИТ;7;2
25102;БЛОКИ ГРАНИТ;7;2
25103;БЛОКИ ЖЕЛЕЗОБЕТ;7;2
25105;БЛОКИ КЕРАМИЧ;7;2
25106;БЛОКИ МРАМОР;7;2
25107;БЛОКИ СИЛИКАТ;7;2
25108;БЛОКИ СТЕН ПР;7;2
25109;БЛОКИ ТУФОВ;7;2
25110;БЛОКИ ШЛАКОБЕТ;7;2
25111;ШЛАКОБЛОКИ;7;2
25112;ГИПСОШЛАКОБЛОКИ;7;2
25113;ИЗРАЗЦЫ;7;2
25114;КАМЕНЬ ЦЕМШЛАК;7;2
25117;ПАНЕЛИ КЕРАМБЕТ;7;2
25118;ПАНЕЛИ СТЕН ПР;7;2
25119;ПЛИТЫ КАМЫШИТ;7;2
25120;ПЛИТЫ МРАМОР;7;2
25121;ПЛИТЫ АСБЕСТОШЛ;7;2
25122;ПЛИТЫ БЕТОН;7;2
25123;ПЛИТЫ ГИПСОВ;7;2
25125;ПЛИТЫ ГИПСОЦЕМ;7;2
25126;ПЛИТЫ ГРАНИТ;7;2
25127;ПЛИТЫ ИСКУС ПР;7;2
25128;ПЛИТЫ ПРИРОД ПР;7;2
25129;ПЛИТКИ КЕРАМ ПР;7;2
25130;ПЛИТЫ МЕТЛАХ;7;2
25131;ПЛИТЫ ПЕНОБЕТ;7;2
25132;ПЛИТЫ ПИРОГРАН;7;2
25133;ШТУКАТУРКА;7;2
25134;ПЛИТЫ ТРОТУАР;7;2
25135;КАМЕНЬ КЕРАМ СТ;7;2
25136;КАМНИ БЕТ СТЕН;7;2
25201;БОРУЛИН;7;3
25203;ГИДРОБУТИЛ;7;3
25204;ИЗОЛ;7;3
25205;КАРТОН КРОВЕЛЬН;7;3
25206;ЛИНКРУСТ;7;3
25207;ЛИНОЛЕУМ;7;3
25208;ЛИСТЫ РЕЗ-БИТУМ;7;3
25209;ЛИСТЫ БИТУМН;7;3
25210;МАСТИКА КРОВЕЛ;7;3
25211;ПЕРГАМИН КРОВЕЛ;7;3
25212;РУБЕРОИД;7;3
25213;СТЕКЛОРУБЕРОИД;7;3
25214;ТОЛЬ КРОВЕЛЬН;7;3
25215;ТОЛЬ ПР;7;3
25216;ФОЛЬГОИЗОЛ;7;3
25217;ШИФЕР РЕЗИНОВ;7;3
25218;ИЗОПЛАСТ;7;3
25301;КИРПИЧ БЕТОН;7;1
25302;КИРПИЧ ГИДРАВЛ;7;1
25303;КИРПИЧ ГИПСОВ;7;1
25304;КИРПИЧ ГЛИН ОБ;7;1
25305;КИРПИЧ ГЛИН ПУС;7;1
25306;КИРПИЧ-КЛИНКЕР;7;1
25309;КИРПИЧ ЛИЦ КРАС;7;1
25310;КИРПИЧ СИЛИКАТ;7;1
25313;КИРПИЧ СТР ПР;7;1
25314;КИРПИЧ ПЕНОДИАТ;7;1
25401;БАЛКИ ЖЕЛЕЗБЕТ;7;2
25402;ЖЕЛОБ Д/ТРУБ ЖБ;7;2
25404;ИЗД ЖЕЛБЕТ ПР;7;2
25405;КОНСТРУКЦИИ ЖБ;7;2
25406;МАЧТЫ ЖЕЛЕЗБЕТ;7;2
25407;ОПОРЫ ЖЕЛЕЗБЕТ;7;2
25408;ПАНЕЛИ СТЕН ЖБ;7;2
25409;ПЛИТЫ ЖЕЛЕЗБЕТ;7;2
25410;ПЛИТЫ ЖБ ПУСТ;7;2
25411;ПЛИТЫ ЖЕЛБЕТ ПР;7;2
25412;РЕЛЬСЫ ЖЕЛЕЗБЕТ;7;2
25413;ТРУБЫ ЖБ БЕЗНАП;7;2
25414;ТРУБЫ ЖБ НАПОР;7;2
25415;ШПАЛЫ БРУСЬЯ Ж-;7;2
25416;ПЛИТЫ, БЛОКИ ДЛ;7;2
25500;ЧЕРЕПИЦА И ШИФ;7;3
25501;ЛИСТЫ АСБЕСТЦЕМ;7;3
25502;СЛАНЕЦ КРОВЕЛЬН;7;3
25503;ЧЕРЕПИЦА КРОВЕЛ;7;3
25504;ШИФЕР ИСКУС ПР;7;3
25505;ШИФЕР КРОВ ВОЛН;7;3
25601;ДЕТАЛИ КРУПБЛ Д;10;3
25602;ДОМА САДОВ;10;3
25603;ДОМА СБ-РАЗБ БФ;10;3
25604;ДОМА СБ-РАЗБ ДР;10;3
25605;ДОМА СТЕН АРБОЛ;10;3
25606;ЗДАНИЯ ИНВЕНТАР;10;3
25607;КИОСКИ ТОРГОВ;10;3
25608;КОМПЛ ДЕТАЛ АРБ;10;3
25609;ПАВИЛЬОНЫ ПР;10;3
25611;ДОМА МОБИЛ ОБОР;10;3
26101;АСБЕСТИН;7;3
26102;АСБЕСТИТ;7;3
26103;АСБОЗОНОЛИТ;7;3
26104;АСБОЗУРИТ;7;3
26106;АСБОФАНЕРА;7;3
26107;БЛОКИ ФУНДАМЕНТ;7;3
26108;БУМАГА ИЗОЛЯЦ;7;3
26109;ВАТА МИНЕРАЛЬН;7;3
26110;ВОЛОКНО СТЕКЛЯН;7;3
26114;ИЗДЕЛИЯ АСБ ПР;7;3
26115;ИЗД АСБЦЕМ ПР;7;3
26116;ЛАКОТКАНЬ;7;3
26118;ЛИСТЫ АСБОПЕКОЛ;7;3
26119;ИЗД ВАТЫ;7;3
26120;ИЗД ИЗ СЛЮДЫ;7;3
26121;ИЗД ИЗОЛЯЦ ПР;7;3
26122;ИЗД ПРОБКОВ ПР;7;3
26124;ИЗД ТЕПЛОИЗ СТ;7;3
26125;ИЗД ТЕПЛОИЗ ПЕР;7;3
26126;ЛИСТЫ ГИПСОКАРТ;7;3
26127;МАССА АСБЦЕМ ИЗ;7;3
26129;МАССА ТЕРМОУСТ;7;3
26130;МАТЕР ИЗОЛ ПР;7;3
26131;МАТЫ МИНЕРАЛВАТ;7;3
26132;МИКАЛЕНТА;7;3
26136;ПЕНОСТЕКЛО;7;3
26137;ПЛИТКИ ЯЧ БЕТОН;7;3
26138;ПЛИТЫ КЕРАМЗИТ;7;3
26139;ПЛИТЫ МИНВАТ Б;7;3
26140;ПЛИТЫ МИНВАТ С;7;3
26141;ПЛИТЫ МИНВАТ ПР;7;3
26142;ПЛИТЫ СОВЕЛИТОВ;7;3
26143;ПЛИТЫ ТЕРМОИЗОЛ;7;3
26144;ПЛИТЫ ТОРФЯН;7;3
26145;ПЛИТЫ ФИБРОЦЕМ;7;3
26146;ПОРОШ ТЕПЛИЗ ПР;7;3
26147;ПРОБКИ ПР;7;3
26150;СТЕКЛОВОЛОСИТ;7;3
26151;СТЕКЛОЛЕНТА ЛИП;7;3
26152;СТЕКЛОТКАНЬ;7;3
26153;ФАНЕРА АСБЦЕМ;7;3
26154;ШЕВЕЛИН;7;3
26156;ЭКСПАНЗИТ;7;3
26201;БУМАГА АСБЕСТ;7;3
26202;ВАТА АСБЕСТ;7;3
26203;ВОЙЛОК АСБЕСТ;7;3
26204;ВОЛОКНО АСБЕСТ;7;3
26205;ИЗД АСБЕСТ ПР;7;3
26206;ИЗД АСБЕСТ КАРТ;7;3
26207;ИЗД ВАТЫ АСБЕСТ;7;3
26209;КАРТОН АСБЕСТ;7;3
26210;КОЛОДКИ АСБЕСТ;7;3
26211;ЛЕНТА АСБЕСТ;7;3
26212;КОЛЬЦА АСБЕСТ;7;3
26213;ЛИСТЫ АСБСТАЛЬН;7;3
26216;МАТЕР АСБЕСТ ПР;7;3
26217;НАКЛ ТОРМ АСБ;7;3
26218;НАКЛ ТОРМ АСББ;7;3
26219;НИТИ АСБЕСТ;7;3
26220;ПАРОНИТ;7;3
26221;ПЛИТЫ АСБЕСТ;7;3
26222;ПЛИТЫ АСББАКЕЛ;7;3
26225;ТКАНЬ АСБЕСТ;7;3
26226;ТРУБКИ АСБЕСТ;7;3
26227;ФИЛЬТР-ВОЛ АСБ;7;3
26228;ШНУРЫ АСБЕСТ;7;3
26301;БРИКЕТЫ АСФАЛЬТ;7;3
26303;ИЗД АСФАЛЬТ ПР;7;3
26304;МАССА АСФАЛЬТОВ;7;3
26305;МАСТИКА АСФАЛЬТ;7;3
26306;ПЛИТЫ АСФАЛЬТ;7;3
26401;АРБОЛИТ;7;1
26402;АРКИ БЕТ ЦЕМ ШЛ;7;1
26403;АСФАЛЬТОБЕТОН;7;1
26404;БЕТОНИТ;7;1
26405;БОРТ;7;1
26406;БРУСЧАТКА ЛИТ;7;1
26407;БЮСТЫ БЕТОН;7;1
26408;ВАЗЫ ЦЕМЕНТ;7;1
26410;АЦЭИД;7;1
26413;ЖЕЛ Д/ТРУБ ЛИТ;7;1
26415;ИЗД БЕТОН ПР;7;1
26416;ИЗД ГИПСОВ ПР;7;1
26417;ИЗД ДИАБАЗ ПР;7;1
26418;ИЗД КСИЛОЛИТ ПР;7;1
26420;ИЗД МРАМОР ПР;7;1
26421;ИЗД КАМ ИСК ПР;7;1
26422;ИЗД КАМ ПРИР ПР;7;1
26423;ИЗД ТЕРРАКОТ ПР;7;1
26424;ИЗД ФИБРОЛИТ ПР;7;1
26425;ИЗД ЦЕМБЕТ ПР;7;1
26426;ИЗД ЦЕМЕНТ ПР;7;1
26427;ИЗД ШЛАКБЕТ ПР;7;1
26428;КАМНИ СБОР БОРД;7;1
26429;КОЛОН КАМ ИСК;7;1
26430;КОЛОН КАМ ПРИР;7;1
26431;КСИЛОЛИТ;7;1
26432;КУБИКИ Д/МОСТОВ;7;1
26434;МАТЕР СТРОИТ ПР;7;1
26435;ПАМЯТ КАМ ПР ПР;7;1
26436;СКУЛЬПТУРЫ БЕТ;7;1
26438;ТРУБЫ АСБЦЕМ;7;1
26439;ТРУБЫ КАМ ИСК;7;1
26440;ФИБРОЛИТ;7;1
26441;ФИЛЬТРЫ КЕРАМ;7;1
26443;СМЕСИ СУХ МИНЕР;7;1
26445;СМЕСИ СХ СМЕШ В;7;1
26501;ТРУБЫ КЕРАМ ДР;7;3
26502;ТРУБЫ КЕРАМ КАН;7;3
26601;БРУСКИ АБРАЗИВ;7;3
26602;БРУСКИ ТОЧИЛ;7;3
26603;БРУСКИ ШЛИФОВАЛ;7;3
26604;БУМАГА НАЖДАЧ;7;3
26605;ЖЕРНОВА;7;3
26606;ГОЛОВКИ ШЛ АБР;7;3
26607;ИЗД АБРАЗИВ ПР;7;3
26608;ИЗД КАРБОРУН ПР;7;3
26609;ИНСТР АБРАЗ ПР;7;3
26610;КАМНИ ДЕФИБРЕР;7;3
26613;КРУГИ ШЛИФОВАЛ;7;3
26614;ПОРОШКИ Д/БУРЕН;7;3
26615;СЕГМЕНТЫ ШЛИФОВ;7;3
26701;БЛОКИ СТЕКЛЯН;10;3
26702;ЗЕРКАЛА;10;3
26703;КИРПИЧ СТЕКЛЯН;10;3
26704;КРОШКА СТЕКЛЯН;10;3
26705;ПЛИТЫ СТЕКЛЯН;10;3
26706;СМАЛЬТА;10;3
26707;СТЕКЛА АВТОМОБ;10;3
26708;СТЕКЛА ОПТ ЧАС;10;3
26709;"СТЕК ""ТРИПЛЕКС""";10;3
26710;СТЕКЛО Д/КРЫШ;10;3
26711;СТЕКЛО ЗЕРКАЛ;10;3
26712;СТЕКЛО ЛИСТ ПР;10;3
26713;СТЕКЛО МУССЕЛИН;10;3
26714;СТЕКЛО ТЕХ ПР;10;3
26715;ТРУБЫ СТЕКЛЯН;10;3
26716;МИКРОСФЕРЫ СТЕК;10;3
26801;БАЧКИ ПОЛУФАР;10;3
26802;БАЧКИ ФАЯНС;10;3
26803;ВАННЫ ФАЯНС;10;3
26804;ИЗД САНИТАР ПР;10;3
26805;РАКОВ ПОЛУФАФАР;10;3
26806;УМЫВАЛЬН ФАЯНС;10;3
26807;УНИТАЗ ПОЛУФАРФ;10;3
26808;УНИТАЗЫ ФАЯНС;10;3
27100;ШЛАКИ ГРАНУЛИР;7;1
28101;ЗАМАЗКА ЦЕМЕНТ;7;1
28102;КАЛЬМАТРОН;7;1
28103;П/ЦЕМЕНТ ДЕКОР;7;1
28104;П/ЦЕМЕНТ СТР;7;1
28108;ТЕРМОЦЕМЕНТ;7;1
28110;ЦЕМ МАРК ДО 400;7;1
28111;ЦЕМЕНТ ГИПСГЛИН;7;1
28112;ЦЕМЕНТ ГЛИНОЗЕМ;7;1
28113;ЦЕМЕНТ ТАМПОНАЖ;7;1
28114;ЦЕМЕНТ ПР;7;1
28117;СМЕСИ ОТВЕРЖ СО;7;1
29101;ДОЛОМИТ Д/СТЕК;10;1
29102;ДОЛОМИТ СЫР МЕТ;10;1
29103;ИЗВЕСТНЯК Д/ФЛ;10;1
29104;ДОБАВ.ПРОИЗ.ЦЕМ;10;1
29105;ФЛЮСЫ ПР;10;1
29203;МЕЛ Д/ФЛЮС;10;1
30101;ГЛИНА КИСЛОТ ПР;7;1
30102;ГЛИНЫ ТУГОПЛАВ;7;1
30105;КВАРЦИТЫ ПРОЧИЕ;7;1
30106;ЛОМ ОГНЕУП ИЗД;7;1
30107;МАГНЕЗИТ СЫР;7;1
30108;ОЛИВИНИТ;7;1
30109;ШАМОТ КУСКОВ;7;1
30201;КИРПИЧ ДИНАСОВ;7;2
30202;КИРПИЧ ШАМОТН;7;2
30203;КИРПИЧ КИСЛ ПР;7;2
30301;ДОЛОМИТ ОБОЖЖЕН;7;2
30303;ИЗДЕЛИЯ ГРАФИТО;7;2
30305;ИЗД ДИНАСОВ ПР;7;2
30306;ИЗД КИСЛОТУП ПР;7;2
30307;ИЗД КИСЛУП НЕМ;7;2
30308;ИЗД МАГНЕЗИТХР;7;2
30309;ИЗД МАГНЕЗИТ;7;2
30310;ИЗД ОГНУПОР КАР;7;2
30312;ИЗД ШАМОТ ПР;7;2
30313;КАМЕНЬ ШАМОТ;7;2
30314;ЛИТЬЕ ДИАБАЗ;7;2
30315;МЕРТЕЛИ;7;2
30316;МУЛЛИТ;7;2
30320;ПЛИТЫ ДИАБАЗ ОГ;7;2
30321;ПЛИТЫ МАГНЕЗИТ;7;2
30324;ПОРОШОК МАГНЕЗ;7;2
30325;ПОРОШОК ХРОМИТ;7;2
30326;ПОРОШОК ШАМОТ;7;2
30328;СОСТАВЫ ОГНЕУП;7;2
30329;СТЕКЛОБРУС ОГН;7;2
30330;СТЕРЖНИ СЕЛИТ;7;2
30332;ТЕРРАФАЗЕРИТ;7;2
30333;ТИГЛИ ГРАФИТ;7;2
30334;ТИГЛИ КЕРАМ;7;2
30335;ТИГЛИ ШАМОТ;7;2
30336;ЭЛЕКТРОДЫ СЕЛИТ;7;2
30337;ИЗД ОГН БЕТ КРЗ;7;2
30338;ИЗД ОГН БЕТ ШАМ;7;2
30401;АСБЕСТ АМФИБОЛО;7;1
30402;ВЕРМИКУЛИТ;7;1
30404;ГЛИМЕР;7;1
30405;КРОШКА СЛЮДЯН;7;1
30407;МИКАНИТ;7;1
30410;СЛЮДА ПР;7;1
30411;АСБЕСТ ХРИЗОТИЛ;7;1
31102;ЧУГУН ЛИТ ФОСФ;5;2
31103;ЧУГУН ЛИТ ПР;5;2
31104;ЧУГУН ПЕР ВЫСК;5;2
31106;ЧУГУН ПЕР РЯД;5;2
31108;ЧУГУН ПР;5;2
31201;БОЛВАНКИ СТ ЛИТ;5;3
31205;СЛИТКИ СТ ПР;5;3
31301;БИМЕТАЛЛ ОСН ЧМ;5;3
31302;КРЕМНИЙ КРИСТАЛ;5;3
31303;МАРГАНЕЦ МЕТАЛ;5;3
31304;СИЛИКОКАЛЬЦИЙ;5;3
31305;ФЕРРОСИЛИКОМАРГ;5;3
31306;СИЛИКОХРОМ;5;3
31307;ФЕРРОСИЛ 30-90;5;3
31308;ФЕРРОСПЛАВЫ ПР;5;3
31309;ХРОМ МЕТАЛ;5;3
31401;БЛЮМСЫ;5;3
31402;ЗАГОТ Д/ПЕР КАЧ;5;3
31403;ЗАГОТ Д/ПЕР РЯД;5;3
31404;ЗАГОТ ОСЕВ КУЗ;5;3
31405;ЗАГОТ СТ ПР;5;3
31406;ЗАГОТОВКА ТРУБ;5;3
31407;СЛЯБЫ;5;3
31501;МЕТАЛ ЧЕРН ПР;5;3
31502;ПОРОШОК ЖЕЛЕЗ;5;3
31601;БРИКЕТЫ СТ СТР;10;3
31602;БРИКЕТЫ ЧУГ СТР;10;3
31603;ЛОМ ОТХОД СТ Н;10;3
31604;ЛОМ ОТХОД ЧУГ Н;10;3
31605;ЛОМ СТ СБОР;10;3
31606;ЛОМ ЧЕРМЕТ Д/П;10;3
31607;ЛОМ ЧЕРМЕТ ПР;10;3
31608;ОБРЕЗЬ ЧЕРМЕТ П;10;3
31609;ОКАЛИНА ЧЕРМЕТ;10;3
31610;ПАКЕТЫ ЛЕГ СТ;10;3
31611;ПРИСАД ДОМЕН;10;3
31612;РЕЛЬСЫ-ЛОМ;10;3
31613;СТРУЖКА ДОМЕН;10;3
31614;СТРУЖКА СТ ВЬЮН;10;3
31615;СТРУЖКА ЧМЕТ ПР;10;3
32101;РЕЛЬСЫ НОВ Р-50;5;3
32102;РЕЛЬСЫ НОВ Р-65;5;3
32103;РЕЛЬСЫ НОВ Р-75;5;3
32104;РЕЛЬСЫ НОВ ПР;5;3
32105;РЕЛЬСЫ СТАР;5;3
32106;РЕШЕТКА ПУТЕВ;5;3
32201;ШВЕЛЛЕРЫ N10-12;5;3
32202;ШВЕЛЛЕРЫ N 14;5;3
32203;ШВЕЛЛЕРЫ N16-18;5;3
32204;ШВЕЛЛЕРЫ N20;5;3
32205;БАЛКИ СТ НЕС ПР;5;3
32208;ШВЕЛЛЕРЫ МЕТ ПР;5;3
32301;ЗМЕЕВИКИ СТ;5;3
32302;ТРУБЫ БЕСШОВ;5;3
32303;ТРУБЫ ВОДГАЗ ОЦ;5;3
32304;ТРУБЫ ВОДГАЗ ПР;5;3
32305;ТРУБЫ МЕТ ПР;5;3
32306;ТРУБЫ НЕРЖАВ;5;3
32307;ТРУБЫ СТ БОЛЬШ;5;3
32308;ТРУБЫ СТ НЕМЕТ;5;3
32309;ТРУБЫ ЧУГУН;5;3
32401;БАНДАЖИ ЧЕРМЕТ;5;3
32402;ЖЕСТЬ;5;3
32403;КАТАНКА СТ;5;3
32404;КОЛЕСА ВАГ НОВ;5;3
32405;ЛЕНТА СТ ГОРЯЧ;5;3
32406;ЛЕНТА СТ ХОЛОД;5;3
32407;МЕТАЛЛОПЛАСТ;5;3
32408;ПОЛОСА СТ ПР;5;3
32409;ПРОВОД МНОГЖ СТ;5;3
32410;ПРОВОЛОКА СТ;5;3
32411;ПРОК ЧЕРМЕТ ПР;5;3
32412;ПРОФИЛИ ГНУТ СТ;5;3
32413;ПРОФИЛИ СТ ФАС;5;3
32415;СТАЛЬ ЛИСТ КРОВ;5;3
32416;СТАЛЬ ЛИСТ ПР;5;3
32417;СТАЛЬ ЛИСТ ТРАН;5;3
32418;СТАЛЬ СОРТ;5;3
32419;СТАЛЬ ТОНКЛИСТ;5;3
32420;СТОЙКИ РУДН МЕТ;5;3
32421;ШАРЫ СТ ПОМОЛ;5;3
32422;ШПУНТЫ МЕТАЛ;5;3
32423;ШТРИПСЫ ЛИСТ;5;3
32424;ШТРИПСЫ СОРТ;5;3
33101;АЛЮМИНИЙ СПЛАВ;10;3
33102;АЛЮМИНИЙ ПОРОШ;10;3
33105;БИМЕТАЛЛ ОСН ЦВ;10;3
33106;БРОНЗА;10;3
33109;ВИСМУТ;10;3
33110;ВОЛЬФРАМ;10;3
33118;КАДМИЙ;10;3
33119;КОБАЛЬТ;10;3
33121;ЛАТУНЬ;10;3
33122;ЛИГАТУРА ЦВМЕТ;10;3
33123;ЛИТИЙ;10;3
33124;МАГНИЙ-ПОРОШОК;10;3
33125;МЕДЬ;10;3
33127;МЕТАЛЛЫ ДРАГ ПР;10;3
33129;МЕТАЛЛЫ ЦВЕТ ПР;10;3
33130;МОЛИБДЕН;10;3
33131;НИКЕЛЬ;10;3
33134;ОЛОВО;10;3
33136;ПОРОШКИ ЦМЕТ ПР;10;3
33137;ПОТАЛЬ;10;3
33138;ПРИПОИ;10;3
33140;СВИНЕЦ;10;3
33141;СЕЛЕН ТЕХН ПОР;10;3
33144;СПЛАВЫ Д/ПОДШИП;10;3
33146;СУРЬМА;10;3
33147;СПЛАВЫ ЦВМЕТ ПР;10;3
33149;ТЕЛЛУР;10;3
33152;ТИТАН ГУБЧАТ;10;3
33153;ТИТАНО-ВОЛЬФРАМ;10;3
33155;ЦИНК;10;3
33159;ЦИРКОНИЙ ПОР УВ;10;3
33201;КАТАНКА АЛ ЛАТ;10;3
33202;ПРОВОЛОКА ЦВМЕТ;10;3
33203;ПРОКАТ АЛЮМ ПР;10;3
33205;ПРОКАТ БРОНЗОВ;10;3
33207;ПРОКАТ ВОЛЬФРАМ;10;3
33211;ПРОКАТ ЛАТУН ПР;10;3
33214;ПРОКАТ МЕДН ПР;10;3
33215;ПРОКАТ МОЛИБДЕН;10;3
33216;ПРОКАТ НИКЕЛЕВ;10;3
33219;ПРОКАТ ТИТАН;10;3
33220;ПРОКАТ ЦВМЕТ ПР;10;3
33222;ПРОФИЛИ ЦВЕТМЕТ;10;3
33223;ПРУТКИ ЦВЕТМЕТ;10;3
33224;ФОЛЬГА;10;3
33302;ГЛЕТ АККУМ СВИН;10;3
33304;ОТХОДЫ ЦВМЕТ ПР;10;3
33305;ОБРЕЗКИ ЦВЕТМЕТ;10;3
33307;ОПИЛКИ ЦВЕТМЕТ;10;3
33308;СТРУЖКА ЦВЕТМЕТ;10;3
33309;ПЫЛЬ ЦИНКОВАЯ;10;3
34101;КЕКИ;7;1
34102;ОГАРКИ ЖЕЛРУД;7;1
34104;ОГАРКИ ЦВЕТРУД;7;1
34105;ШЛАКИ ВАНАДИЕВ;7;1
34108;ШЛАКИ МЕТ ПР;7;1
34109;ШЛАКИ ЦВЕТМЕТ;7;1
35101;ВАЛЬЦЫ МЕТАЛ;10;3
35102;КЕССОНЫ;10;3
35103;МАШИНЫ ЗЕМЛЕР;10;3
35104;ОБОР СТРОИТ ДОР;10;3
35105;МАШИНЫ ШВ БЫТ;10;3
35106;НАСОСЫ ПР;10;3
35107;ОБОР ДЕРЕВООБР;10;3
35108;ОБОР ГОРНОШАХТ;10;3
35109;ОБОР ВАЛЯЛ-ВОЙЛ;10;3
35110;ОБОР КАБЕЛ ПРОМ;10;3
35111;ОБОР ЛИТЕЙН;10;3
35112;ОБОР ПИЩПРОМ;10;3
35113;ОБОР ТОРГОВ ОБП;10;3
35114;ОБОР АСБЦЕМ ИЗД;10;3
35115;ОБОР ГИПСОВ ИЗД;10;3
35116;ОБОР ЖЕЛБЕТ КОН;10;3
35117;ОБОР КЕРАМИК;10;3
35118;ОБОР ПЛАСТМАС;10;3
35119;ОБОР СТРОЙМАТ;10;3
35120;ОБОР РЕЗИНТЕХН;10;3
35121;ОБОР СТЕКОЛЬН;10;3
35122;ОБОР ТЕКСТ-ГАЛ;10;3
35123;ОБОР ТЕКСТИЛ;10;3
35124;ОБОР ТРИКОТАЖ;10;3
35125;ОБОР ЦЕЛ-БУМАЖ;10;3
35126;ОБОР ЦЕМЕН ПРОМ;10;3
35127;ОБОР МЕТАЛЛУР;10;3
35128;ОБОР ШВЕЙН ПРОМ;10;3
35129;ОБОР ЭЛЕКТРОТЕХ;10;3
35130;ОБОР РАЗЛИЧ;10;3
35131;ОБОР КОЖЕВ-ОБУВ;10;3
35132;ОБОР КАМНЕДОБ;10;3
35133;ОБОР КРАСИЛЬН;10;3
35134;ОБОР КУЗН-ПРЕС;10;3
35135;ОБОР ПОДЪЕМ-ТР;10;3
35136;ОБОР ПОЖАР;10;3
35137;ОБОР ПОЛИГРАФ;10;3
35138;ОБОР ХОЛОДИЛЬН;10;3
35139;ОБОР ЭНЕРГЕТИЧ;10;3
35140;СТАНКИ МЕТАЛРЕЖ;10;3
35141;ДЕТАЛИ МАШИН;10;3
35142;ОГНЕТУШ ОДНОРАЗ;10;3
35143;ОГНЕТУШ УГЛЕКИС;10;3
35144;АГР Д/ПР КРОВЕЛ;10;3
36101;АВТОПОИЛКИ;10;2
36102;АГРЕГ ЭЛЕКСТРИГ;10;2
36103;БОРОЗДОДЕЛАТЕЛИ;10;2
36104;БОРОНЫ;10;2
36105;АСПИРАТОРЫ;10;2
36107;ВОДОРАЗДАТЧИКИ;10;2
36108;ВОЛОКУШИ ТРАКТ;10;2
36109;ГАЗОНОКОСИЛКИ;10;2
36110;ГРАБЛИ КОН ТРАК;10;2
36111;ЖАТКИ;10;2
36112;ЗАПАРНИКИ-СМЕС;10;2
36113;ЗЕРНОСУШИЛКИ;10;2
36114;ИЗМЕЛЬЧИТЕЛИ;10;2
36115;ИНКУБАТОРЫ;10;2
36116;КАРТОФЕЛЕКОПАЛК;10;2
36118;КАТКИ ЗЕМЛЕДЕЛ;10;2
36120;КОМБАЙНЫ С/Х;10;2
36122;КОРМОРАЗДАТЧИКИ;10;2
36123;КОСИЛКИ;10;2
36124;КОЧКОРЕЗЫ;10;2
36125;КУЛЬТИВАТОРЫ;10;2
36126;ЛЕМЕХИ;10;2
36127;ЛУЩИЛЬНИКИ;10;2
36129;КОРЧЕВАТЕЛИ;10;2
36130;МАШ Д/УДОБР ПР;10;2
36131;МАШИНЫ УБОР ПР;10;2
36132;МАШИНЫ ЗЕРНЧИС;10;2
36133;МАШИНЫ ЛЕСПОСАД;10;2
36135;МАШИНЫ С/Х ПР;10;2
36136;МАШИНЫ ДОЖДЕВ;10;2
36137;МОЛОТИЛКИ;10;2
36138;ОПРЫСКИВ РАСТЕН;10;2
36139;ОТВАЛЫ ПЛУЖ;10;2
36140;ПЛОДОСУШИЛКИ;10;2
36141;ПЛУГИ;10;2
36143;ПОЛОТНА КОМБАЙН;10;2
36144;ПРЕСС-ПОДБОРЩИК;10;2
36145;ПРЕССЫ ХЛОПЧАТ;10;2
36146;РАЗБР ЖИД УДОБР;10;2
36147;РАЗБР ОРГ УДОБР;10;2
36148;СЕНОКОСИЛКИ;10;2
36149;СЕПАРАТОРЫ;10;2
36150;СЕЯЛКИ;10;2
36152;СОЛОМОПОДЪЕМНИК;10;2
36153;СОРТИРОВКИ ЗЕРН;10;2
36155;ТРИЕРЫ;10;2
36156;УСТАНОВ ДОИЛЬН;10;2
36157;ЧАСТ МАШ С/Х ПР;10;2
36159;ЯЩИКИ ВЫСЕВН;10;2
36201;БОРТА ТРАКТОР;10;2
36202;ОСИ ТРАКТОР;10;2
36203;ПРИЦЕПЫ ТРАКТОР;10;2
36204;РАДИАТОРЫ ТРАКТ;10;2
36205;ТРАКТОРЫ;10;2
36206;ТЯГАЧИ ТРАКТОРН;10;2
36207;З/Ч ТРАКТОРОВ;10;2
36208;З/Ч ТРАКТОР ПР;10;2
37101;БАЛКИ СТАЛЬН;10;3
37103;КАРКАСЫ ЧЕРМЕТ;10;3
37105;КОНСТРУК МЕТ ПР;10;3
37106;МАЧТЫ МЕТАЛ;10;3
37107;СВАИ МЕТАЛ;10;3
37108;СВЕТОФОРЫ;10;3
37109;СЕМАФОРЫ;10;3
37110;ФЕРМЫ ПОКРЫТИЙ;10;3
37111;ФЕРМЫ МЕТАЛ ПР;10;3
37112;МЕТАЛ РАМЫ С ДЕ;10;3
37113;ПАНЕЛИ МЕТАЛ С;10;3
38101;АВТОБЕНЗОЗАПРАВ;10;3
38102;АВТОБУСЫ;10;3
38103;АВТОДЕЗОУСТАНОВ;10;3
38105;АВТОМ АССЕНИЗАЦ;10;3
38106;АВТОМ ГРУЗ РЕМ;10;3
38107;АВТОМ ГРУЗ ПР;10;3
38108;АВТОМОБИЛИ ЛЕГК;10;3
38109;АВТОМОБ СПЕЦ;10;3
38110;АВТОМОБИЛИ СПЕЦ;10;3
38112;АВТОСИДЕНИЯ;10;3
38113;АВТОТЯГАЧИ;10;3
38114;АВТОФУРГОНЫ;10;3
38115;АВТОЦЕМЕНТОВОЗЫ;10;3
38116;АВТОЦИСТЕРНЫ;10;3
38117;КАБИНЫ АВТОМ;10;3
38118;КОЛЕСА АВТОМ;10;3
38119;КУЗОВА АВТОБУС;10;3
38120;КУЗОВА АВТОМ;10;3
38121;НАСОСЫ АВТОМ;10;3
38122;ПОЛУПРИЦЕПЫ АВТ;10;3
38123;ПРИЦЕПЫ АВТОМ;10;3
38124;РАДИАТОРЫ АВТОМ;10;3
38125;РЕССОРЫ АВТОМ;10;3
38126;САМОСВАЛЫ;10;3
38127;ТРЕЙЛЕРЫ;10;3
38128;АВТОФАРЫ;10;3
38129;З/Ч АВТОМОБ;10;3
38130;ШАССИ АВТОМ АВТ;10;3
38131;ПРИЦЕПЫ С ОБОРУ;10;3
39102;АВТОКАРЫ;10;3
39103;АВТОМОТРИС НЕСВ;10;3
39104;АЭРОПЫЛИТЕЛИ;10;3
39105;АЭРОСТАТЫ;10;3
39106;ВАГОНЕТКИ-ПЛАТФ;10;3
39107;ВАГОНЫ-ДОМА ПЕР;10;3
39108;ВАГОНЫ Ж/Д НЕСВ;10;3
39109;ВЕЛОКОЛЯСКИ ИНВ;10;3
39110;ВЕЛОСИПЕДЫ КР Д;10;3
39111;ВЕРТОЛЕТЫ;10;3
39112;ДРЕЗИНЫ НЕСВ;10;3
39113;КАТЕРА;10;3
39114;КОЛЯСКИ КР ДЕТ;10;3
39115;КОНТ УН НОВЫЕ;11;3
39116;КОРПУСА СУДОВ;10;3
39117;КУЗОВА ВАГОН;10;3
39118;ЛОКОМ НЕСВ ПР;10;3
39119;ЛОДКИ;10;3
39120;МОТОВОЗЫ НЕСВ;10;3
39121;МОТОРОЛЛЕРЫ;10;3
39122;МОТОЦИКЛЫ;10;3
39123;НАСОСЫ ВЕЛОСИП;10;3
39124;ПАРОВОЗЫ НЕСВ;10;3
39126;ПОВОЗКИ КР ДЕР;10;3
39127;ПОНТОНЫ;10;3
39128;САМОЛЕТЫ;10;3
39129;СНЕГООЧИСТ НЕСВ;10;3
39130;СРЕДСТВА ТР ПР;10;3
39131;СУДА ПР;10;3
39132;ТАЧКИ;10;3
39133;ТЕЛЕЖКИ ВАГ;10;3
39134;ТЕЛЕЖКИ Д/РУЧН;10;3
39135;ТЕЛЕЖКИ Д/ИЗЛОЖ;10;3
39137;ТЕПЛОВОЗЫ НЕСВ;10;3
39139;ЦЕПИ ВЕЛОСИПЕД;10;3
39140;З/Ч К САМОЛЕТАМ;10;3
39141;З\Ч К МОТОЦИКЛ;10;3
39142;З/Ч ТРАНСПОР ПР;10;3
39144;ЭЛЕКТРОКАРЫ;10;3
39146;КОНТЕЙН СП ПРИВ;11;3
39147;КОНТЕЙН УН ИП Р;11;3
39148;КОНТЕЙН УН ИП Р;11;3
39149;КОНТ УН ПРИВ;11;3
39150;ТРАМВАИ;10;3
39151;Д-ГЕН КОНТЕЙНЕР;10;3
40101;ОБОРУД КИНЕМАТ;10;3
40102;АППАР РАЗЛ НАЗН;10;3
40103;ИНСТРУМЕНТЫ МЕД;10;3
40104;МАШИНЫ ВЫЧИСЛИТ;10;3
40105;ПРИБОР АВТ КОНТ;10;3
40106;ПРИБОРЫ МЕДИЦ;10;3
40107;ПРИБОРЫ ОПТИЧ;10;3
40108;ПРИБОРЫ РЕГУЛ;10;3
40109;ПРИБ ЭЛЕКТРОИЗМ;10;3
40110;СВЕТИЛЬНИК КР Э;10;3
40111;СРЕДСТ РАДИОЛОК;10;3
40112;СРЕДСТ РАДИОНАВ;10;3
40201;АППАР ТЕЛЕГРАФ;10;3
40202;АППАР ЭЛЕКТРОАК;10;3
40203;ГРОМКОГОВОРИТ;10;3
40204;КАНАТИК АНТЕН;10;3
40205;КИНЕСКОПЫ;10;3
40206;МАГНИТОЛЫ;10;3
40207;МАГНИТОФОНЫ;10;3
40208;РАДИОАППАРАТУРА;10;3
40209;РАДИОДЕТАЛИ;10;3
40210;ПРОД РАДИОПР ПР;10;3
40211;РАДИОЛАМПЫ;10;3
40212;РАДИОЛЫ;10;3
40213;РАДИОПЕЛЕНГАТ;10;3
40214;РАДИОПРИЕМНИКИ;10;3
40215;РАДИОСТАНЦИИ;10;3
40216;ТЕЛЕВИЗОРЫ;10;3
40217;РАДИОПРИЕМ ПР;10;3
40302;ЛАМПЫ ЭЛЕКТ ПР;10;3
40303;ПАТРОНЫ Д/ЛАМП;10;3
40304;ФОНАРИ ЭЛ КАРМ;10;3
40305;ФОНАРИ ЭЛЕКТ ПР;10;3
40401;БРА;10;3
40402;ВЕНТИЛЯТОРЫ ЭЛБ;10;3
40403;ЗВОНКИ ЭЛБЫТ;10;3
40404;ИЗД ЭЛБЫТ ПР;10;3
40405;КАЛОРИФЕР ЭЛБЫТ;10;3
40406;КИПЯТИЛЬН ЭЛБЫТ;10;3
40407;КОНДИЦИОН ЭЛБЫТ;10;3
40408;ЛАМПЫ НАС ЭЛБЫТ;10;3
40409;ЛЮСТРЫ;10;3
40410;МАШИНЫ СТИР БЫТ;10;3
40411;МАШИНЫ ЭЛБЫТ ПР;10;3
40412;ПЛИТЫ ЭЛБЫТ;10;3
40413;ПОЛОТЕРЫ ЭЛБЫТ;10;3
40414;ПЫЛЕСОСЫ ЭЛБЫТ;10;3
40415;РАДИАТОРЫ ЭЛБЫТ;10;3
40416;РЕФЛЕКТОР ЭЛБЫТ;10;3
40418;СВЕТИЛЬН ЭЛБЫТ;10;3
40419;ТОРШЕРЫ ЭЛБЫТ;10;3
40420;УТЮГИ ЭЛЕКТР;10;3
40421;ХОЛОДИЛЬН ЭЛБЫТ;10;3
40422;ЧАЙНИКИ ЭЛЕКТ;10;3
40423;З/Ч К ЭЛБЫТ МАШ;10;3
40424;ЭЛПРИБ ОТОП ПР;10;3
40425;ЭЛПРИБ НАГР ПР;10;3
40501;ВЕСЫ КР АНАЛИТ;10;3
40502;ГИРИ КР АНАЛИТ;10;3
40503;З/Ч ВЕСОВ КР АН;10;3
41101;АРМАТУРА ГАЗОВ;10;3
41102;АРМАТУРА КОТЛОВ;10;3
41103;БАГРЫ СТАЛЬН;10;3
41104;БАРАБАНЫ ЧЕРМЕТ;10;3
41105;БАТАРЕИ ЧЕРМЕТ;10;3
41106;БЛОКИ ЧЕРМЕТ;10;3
41107;БОЛВАНКИ ЧЕРМЕТ;10;3
41108;ВАННЫ ЧЕРМЕТ;10;3
41109;ВЕНТИЛИ ЧЕРМЕТ;10;3
41110;ВЕРЕТЕНА ЧЕРМЕТ;10;3
41111;ГИЛЬЗЫ ЧЕРМЕТ;10;3
41112;ДВЕРЦЫ ПЕЧ ЧМЕТ;10;3
41113;ДРОБЬ ЧУГ СТ;10;3
41114;ЖЕЛОБА ЧЕРМЕТ;10;3
41115;ИЗД ЧЕРМЕТ ПР;10;3
41116;ИЗД ПРОВОЛ ЧМЕТ;10;3
41117;ИЗЛОЖНИЦЫ;10;3
41118;ИНВЕНТ С/Х ПР;10;3
41119;ИНСТРУМ ДЕР МЕТ;10;3
41120;ИНСТРУМ ИЗМ МЕТ;10;3
41121;ИНСТРУМ МЕТ РАЗ;10;3
41122;ИНСТРУМ СТР МЕТ;10;3
41123;КАНАТЫ СТ;10;3
41124;КАПКАНЫ МЕТАЛ;10;3
41125;КОЖУХИ ЧЕРМЕТ;10;3
41126;КОЛЕС ЧЕРМЕТ ПР;10;3
41127;КОЛЕСА МАШИН;10;3
41128;КОЛОННЫ МЕТАЛ;10;3
41129;КОЛОСНИКИ;10;3
41130;КОЛЬЦА ЧЕРМЕТ;10;3
41131;КРЫШКИ ЧУГУН;10;3
41132;КРЮЧКИ ДВ ОК;10;3
41133;ЛЕСА ТРУБЧ МЕТ;10;3
41134;ЛИТЬЕ СТ ЧУГ ПР;10;3
41135;ЛЮКИ ЧЕРМЕТ;10;3
41136;НАКОВАЛЬНИ;10;3
41137;ОСИ КР ВАГ ЛОК;10;3
41138;ПЕРЕМЫЧКИ МЕТ;10;3
41139;ПЛИТЫ ЧУГУН;10;3
41140;ПОДДОНЫ Д/ИЗЛОЖ;10;3
41143;ПРОБКИ ЧЕРМЕТ;10;3
41144;ПРОТИВОВЕС ЧМЕТ;10;3
41145;РАДИАТОРЫ ЧУГ;10;3
41146;РАКОВИНЫ ЧЕРМЕТ;10;3
41147;РЕЙКИ ЧЕРМЕТ;10;3
41148;РЕССОРЫ СТ КР В;10;3
41149;РЕШЕТА ЧЕРМЕТ;10;3
41150;РЕШЕТКИ ЧЕРМЕТ;10;3
41151;РЕШТАКИ;10;3
41152;СЕТКИ ЧЕРМЕТ;10;3
41153;СИФОНЫ ЧЕРМЕТ;10;3
41154;ТАКЕЛАЖ ПРОВОЛ;10;3
41155;ТКАНИ ПРОВОЛ;10;3
41156;ТЮБИНГИ;10;3
41157;УНИТАЗЫ ЧУГУН;10;3
41158;ФИТИНГИ ЧЕРМЕТ;10;3
41159;ФРЕЗЫ;10;3
41160;ЧЕРЕПИЦА КРОВ;10;3
41162;ШПИЛИ ЧЕРМЕТ;10;3
41163;ШПИНГАЛЕТЫ МЕТ;10;3
41164;ШПИНДЕЛИ ЧЕРМЕТ;10;3
41165;ШПЛИНТЫ ЧЕРМЕТ;10;3
41166;ШТАНГЕНЦИРКУЛИ;10;3
41167;ЭЛЕКТРОДЫ ЧМЕТ;10;3
41168;ЯКОРЯ;10;3
41169;БАЧКИ СМЫВН ЧУГ;10;3
41170;МОЙКИ СТ;10;3
41171;МОЙКИ ЧУГУН;10;3
41201;БАКИ МЕТ;10;3
41202;БАЛЛОНЫ СТ;10;3
41203;БАНКИ КОНСЕР Н;10;3
41204;БИДОНЫ МЕТАЛ;10;3
41205;БОЧКИ МЕТ;10;3
41206;БУНКЕРА МЕТ;10;3
41207;ВЕДРА МЕТ;10;3
41208;ГАЗГОЛЬДЕРЫ;10;3
41209;КОВШИ КР ЛИТЕЙН;10;3
41210;КОТЛЫ МЕТ ОТК;10;3
41212;РЕЗЕРВУАРЫ МЕТ;10;3
41214;ТАНКИ МЕТ;10;3
41215;ТАРА МЕТ ПР;10;3
41216;ЧАНЫ МЕТ;10;3
41218;ФЛЯГИ МЕТ ПР;10;3
41219;ЯЩИКИ МЕТ;10;3
41220;ЕМКОСТИ-СИЛОСЫ;10;3
41301;КРОВАТИ МЕТ;10;3
41302;МЕБЕЛЬ МЕТ ПР;10;3
41303;СЕТКИ КРОВ МЕТ;10;3
41401;АВТОСЦЕПКИ;10;3
41402;БАШМАКИ ТОРМ СТ;10;3
41403;БЛОКИ СТРЕЛОЧ;10;3
41404;БУКСЫ;10;3
41405;ВАГОНОТОЛКАТ СТ;10;3
41406;ДИСКИ СИГН МЕТ;10;3
41407;КОЛОДКИ ТОРМ;10;3
41408;КОСТЫЛИ МЕТ;10;3
41409;НАКЛАДКИ РЕЛЬС;10;3
41410;ОБОРУД ТОРМ;10;3
41411;КОЛЕС ПАРЫ;10;3
41412;ПЕРЕВОДЫ СТРЕЛ;10;3
41413;ПЕРЕСЕЧЕНИЯ ГЛ;10;3
41414;ПРОТИВОУГОНЫ;10;3
41415;РЕССОРЫ СТ;10;3
41416;ЧАСТИ ЖД ПУТ ПР;10;3
41417;З/Ч ЖД ТРАНСПОР;10;3
41418;ЭЛЕМЕНТЫ КОЛЕС;10;3
41501;ВЫВЕСКИ МЕТАЛ;10;3
41502;ДВЕРИ МЕТАЛ;10;3
41503;ДОСКИ СТИРАЛЬН;10;3
41504;ЗАМКИ МЕТ;10;3
41505;ИЗД МЕТАЛ ПР;10;3
41506;КЕРОГАЗЫ;10;3
41507;КОРЗИНЫ МЕТ;10;3
41508;КОРЫТА ЖЕЛЕЗ;10;3
41509;ЛАМПЫ ПАЯЛЬН;10;3
41510;ЛЕЙКИ МЕТАЛ;10;3
41511;ЛЕСТНИЦЫ МЕТАЛ;10;3
41512;ЛОЖКИ МЕТАЛ;10;3
41513;МЕЛЬНИЦЫ КОФЕЙН;10;3
41514;МЯСОРУБКИ РУЧ;10;3
41516;ПЕЧИ МЕТАЛ;10;3
41517;ПЛОМБЫ МЕТАЛ;10;3
41519;ПОДНОСЫ МЕТАЛ;10;3
41520;ПОСУДА МЕТАЛ;10;3
41521;ПРИМУСЫ;10;3
41522;РУКОМОЙНИКИ МЕТ;10;3
41523;САМОВАРЫ КР ЭЛ;10;3
41524;СЕЙФЫ МЕТАЛ;10;3
41525;СКОВОРОДЫ МЕТ;10;3
41526;СТУПКИ МЕТАЛ;10;3
41527;ТАЗЫ МЕТАЛ;10;3
41528;ТЕРКИ МЕТАЛ;10;3
41529;УТЮГИ КР ЭЛ;10;3
41530;ФОНАРИ КЕРОСИН;10;3
41531;ЧАЙНИКИ МЕТАЛ;10;3
41532;ШКАФЫ МЕТАЛ;10;3
41533;ШТАТИВЫ МЕТАЛ;10;3
41534;ЩЕТКИ МЕТАЛ;10;3
41601;АРМАТУРА КОТЛ;10;3
41602;БЛОКИ ЦВЕТМЕТ;10;3
41603;БОЛТЫ ЦВЕТМЕТ;10;3
41604;ВАЛЫ ЦВЕТМЕТ;10;3
41605;ВАННЫ ЦВЕТМЕТ;10;3
41606;ВЕНТИЛИ ЦВЕТМЕТ;10;3
41607;ВИНТЫ ЦВЕТМЕТ;10;3
41608;ВТУЛКИ ЦВЕТМЕТ;10;3
41609;ГАЙКИ ЦВЕТМЕТ;10;3
41610;ГВОЗДИ ЦВЕТМЕТ;10;3
41611;ГИЛЬЗЫ ЦВЕТМЕТ;10;3
41612;ДРОБЬ СВИНЦОВ;10;3
41613;ИЗД ЦВЕТМЕТ ПР;10;3
41614;ИЗД ПРОВОЛ ЦМЕТ;10;3
41615;КЛИШЕ;10;3
41617;КРАНЫ ЦВЕТМЕТ;10;3
41618;КРОНШТЕЙНЫ ЦМЕТ;10;3
41619;ПЕТЛИ ЦВЕТМЕТ;10;3
41620;ПОДШИПНИКИ ЦМЕТ;10;3
41621;ПРУЖИНЫ ЦВЕТМЕТ;10;3
41622;РАДИАТОРЫ ЦВМЕТ;10;3
41623;РАМЫ ЦВЕТМЕТ;10;3
41624;СЕТКИ ЦВЕТМЕТ;10;3
41625;СКОБЫ ЦВЕТМЕТ;10;3
41626;СПИРАЛИ Д/ЭЛЕКТ;10;3
41627;ТКАНИ ПРОВ ЦМЕТ;10;3
41628;ТРУБКИ ЦВЕТМЕТ;10;3
41629;ТРУБЫ ЦВЕТМЕТ;10;3
41630;ЦЕПИ ЦВЕТМЕТ;10;3
41631;ЦИНК ГОФРИРОВ;10;3
41633;ШТИФТЫ ЦВЕТМЕТ;10;3
41634;ШУРУПЫ ЦВЕТМЕТ;10;3
41635;ЭЛЕКТРОДЫ ЦВМЕТ;10;3
41701;КАБЕЛИ;10;3
41702;ПРОВОДА БИМЕТАЛ;10;3
41703;ПРОВОДА ЦМЕТ ОБ;10;3
41704;ПРОВОДА ПР;10;3
41705;ШНУРЫ ОСВЕТИТ;10;3
41706;ШНУРЫ ТЕЛЕФОН;10;3
41801;ЛОЖКИ АЛЮМ;10;3
41802;ПОСУДА АЛЮМ ПР;10;3
41803;СКОВОРОДЫ АЛЮМ;10;3
42101;АВТОДРЕЗИНЫ СВ;11;2
42102;АВТОМОТРИСЫ СВ;11;2
42103;ВАГОНЫ ЖД СВ;11;2
42105;ДРЕЗИНЫ СВ;11;2
42106;КРАНЫ КОНС СВ;11;2
42107;КРАНЫ УКЛАД СВ;11;2
42108;МАШИН ПУТ СВ ПР;11;2
42109;МАШИНЫ ШПАЛПОДБ;11;2
42111;ПУТЕУКЛАДЧИК СВ;11;2
42112;СНЕГООЧИСТИТ СВ;11;2
42113;СТРУГИ ПУТ СВ;11;2
42114;ТЕНДЕРЫ СВ;11;2
42115;ЭЛЕКТРОБАЛ ПР;11;2
42116;ВАГОН ДЛЯ ПРОВО;11;2
42117;ВАГОН ДЛЯ МЕТРО;11;2
42118;ВАГОН ПАССАЖ, Э;11;2
42119;ВАГОНЫ ЖД РЕМОН;11;2
42120;ВАГОНЫ ЖД ОЧИСТ;11;2
42121;ВАГОНЫ ЖД ПРИКР;11;2
42122;ВАГОНЫ ЖД НОВ З;11;2
42123;ВАГОНЫ ЖД В МЕТ;11;2
42124;ВАГОНЫ ЖД НА ПР;11;2
42201;ЛОКОМОТИВ СВ ПР;11;2
42202;МОТОВОЗЫ ПР;11;2
42203;ПАРОВОЗЫ ПР;11;2
42204;ТЕПЛОВОЗЫ ПР;11;2
42205;ЭЛЕКТРОВОЗЫ ПР;11;2
42206;ЛОКОМОТИВ СВ БР;11;2
42301;КРАНЫ ГРУЗОП СВ;11;2
42302;ОБОРУД ПЕРЕДВ;11;2
42303;ЭЛЕКТРОСТАНЦ СВ;11;2
43101;АПАТИТЫ ПР;8;1
43103;КОНЦЕНТРАТ АПАТ;8;1
43106;РУДА ФОСФОРИТ;8;1
43107;ФОСФОРИТЫ;8;1
43108;КОНЦЕНТ СИЛЬВИН;8;1
43200;АММИАК ВОДНЫЙ;8;2
43201;АММИАК-РАС10-35;8;2
43301;АЗОТОБАКТЕРИН;8;2
43302;АММОНИЯ СУЛЬФАТ;8;2
43304;КАРБАМИД;8;2
43307;СЕЛИТРА АММИАЧ;8;2
43309;СЕЛИТРА КАЛИЕВ;8;2
43310;СЕЛИТРА КАЛЬЦ;8;2
43311;СЕЛИТРА НАТРИЕВ;8;2
43315;УДОБР АЗОТ ЖИД;8;2
43316;КЦС-АМ;8;2
43317;УДОБР АЗОТ ПР;8;2
43319;УДОБР АММ-АЗОТФ;8;2
43321;УДОБР АММ-НИТР;8;2
43323;УДОБР АММ-СУЛЬФ;8;2
43324;УДОБ ЖИД N23-30;8;2
43325;СРЕДСТВО AUS 32;8;2
43401;КАИНИТ;8;2
43402;КАЛИЙ СЕРНОКИСЛ;8;2
43403;КАЛИЯ ХЛОРИД;8;2
43404;КАЛИМАГНЕЗИЯ;8;2
43405;КАРНАЛЛИТ;8;2
43409;УДОБР КАЛИЙН ПР;8;2
43410;КАЛИЙ ХЛОР ЭЛЕК;8;2
43501;МУКА ФОСФОРИТН;8;2
43502;ПРЕЦИПИТАТ;8;2
43505;СУПЕРФОСФАТ П;8;2
43506;ТРИКАЛЬЦИЙФОСФ;8;2
43507;УДОБР ФОСФАТ ПР;8;2
43508;ФОСФОГИПС;8;2
43601;АЗОФОСФАТ;8;2
43602;АММОФОС;8;2
43604;ДИАММОФОС;8;2
43605;ДИАММОФОСКА;8;2
43609;МОНОКАЛЬЦИЙФОСФ;8;2
43612;НИТРОАММОФОСКА;8;2
43619;УДОБР ХИМ ПР;8;2
43621;"УДОБР ""ЖКУ""";8;2
44102;АКРИХИН;10;2
44103;АЛКАЛОИДЫ ПР;10;2
44104;АНТИБИОТИКИ ПР;10;2
44106;АПТЕЧКИ;10;2
44107;БАЦИЛИХИН Д/ЖИВ;10;2
44108;БИНТЫ МАРЛЕВ;10;2
44109;БРОМОФОРМ;10;2
44110;БУТАДИОН;10;2
44111;ВАЗЕЛИН МЕД;10;2
44112;ВАТА МЕД;10;2
44113;ВИТАМИНЫ;10;2
44114;ГЕМАТОГЕН;10;2
44116;ГЛИКОЗИДЫ;10;2
44117;ГЛИЦЕРИН ДУШИСТ;10;2
44118;ГРЯЗИ МИНЕРАЛ;10;2
44119;ДРОЖЖИ ПИВ МЕД;10;2
44120;ИЗД ХИМ-ПАРФ ПР;10;2
44121;ИЗД МАРЛИ ВАТЫ;10;2
44123;КАМФАРА МЕД;10;2
44127;КОФЕИН;10;2
44129;ЛАНОЛИН ОЧИЩЕН;10;2
44130;ЛЕЙКОПЛАСТЫРЬ;10;2
44134;МАГНЕЗИЯ СЕРКИС;10;2
44135;МАЗИ ЛЕЧЕБ ПР;10;2
44136;МАРЛЯ МЕД;10;2
44137;МАСЛА ЛЕКАР ПР;10;2
44139;МАСЛО ВАЗЕЛ МЕД;10;2
44140;МЕДИКАМЕНТЫ ПР;10;2
44142;ПАРАФИН МЕД;10;2
44144;ПРЕПАРАТЫ ФЕРМ;10;2
44146;САХАРИН;10;2
44147;СОСТАВЫ Д/УГЛ В;10;2
44148;СПИРТ НАШАТЫР;10;2
44149;СРЕДСТВА ЛЕК ПР;10;2
44151;СУЛЬФАМИДЫ;10;2
44152;СЫВОРОТКИ ЛЕЧ;10;2
44153;ТАНИН;10;2
44155;ЭКСТРАКТЫ ЛЕК;10;2
44201;АМБРА;10;3
44202;ВОДЫ ПАРФЮМ,ТУА;10;3
44204;КРЕМ-ПУДРЫ;10;3
44205;МАСЛО ПАРФЮМ;10;3
44206;МАСЛА ЭФИР ПР;10;3
44209;ОТРУБИ МИНДАЛЬН;10;3
44210;ПАСТА ЗУБ;10;3
44211;ПОМАДА ГУБ;10;3
44212;ПОРОШОК ЗУБ;10;3
44213;ПРОД ПАРФ-К ПР;10;3
44214;ШАМПУНИ;10;3
44215;ЭЛЕКСИРЫ ЗУБ;10;3
44216;ЭССЕНЦИИ АРОМАТ;10;3
44217;ПАРФ ПРОД ЛЕГВ;10;3
44218;ПРОДУКЦИЯ КОСМЕ;10;3
44301;МЫЛО ТЕХН ЖИДК;10;2
44302;МЫЛО ТУАЛЕТ ЖИД;10;2
44303;МЫЛО ТУАЛЕТ ТВ;10;2
44304;МЫЛО ХОЗ ЖИД;10;2
44305;МЫЛО ХОЗ ТВ;10;2
44306;СТРУЖКА СТИР;10;2
45101;БАЛАТА;10;3
45102;ГУТТАПЕРЧА;10;3
45103;КАУЧУК В РАСТВ;10;3
45104;КАУЧУК НАТУР;10;3
45105;КАУЧУК СИНТ ПИП;10;3
45106;КАУЧУК СИНТ ПР;10;3
45107;ЛАТЕКС-НАИРИТ;10;3
45108;ЛАТЕКСЫ 61-91;10;3
45201;АВТОКАМЕРЫ НОВ;10;3
45202;АВТОПОКРЫШК НОВ;10;3
45203;БАКИ ЭБОНИТ;10;3
45204;ВЕЛОКАМЕРЫ НОВ;10;3
45205;ВЕЛОПОКРЫШК НОВ;10;3
45206;ГУММИЭЛАСТИК;10;3
45207;ИЗД ГУБЧАТ ЛАТ;10;3
45208;ИЗД ГУТТАПЕР ПР;10;3
45209;ИЗД КАУЧ НОВ ПР;10;3
45210;ИЗД РЕЗТЕХ ПР;10;3
45211;ИЗД ЭБОНИТ ПР;10;3
45212;КОЛЬЦА РЕЗИН;10;3
45213;ЛЕНТА РЕЗИН;10;3
45214;МАТРАЦЫ РЕЗИН;10;3
45215;МАТЫ РЕЗИН;10;3
45216;МЕШКИ РЕЗИН;10;3
45217;МОНОБЛОК ЭБОНИТ;10;3
45218;ПЕРЧАТКИ РЕЗИН;10;3
45219;ПЛАСТИНЫ РЕЗИН;10;3
45220;ПЛАСТИНЫ ПЕНРЕЗ;10;3
45221;ПОДОШВЫ РЕЗИН;10;3
45222;ПОДУШКИ РЕЗИН;10;3
45223;ПОДШИПНИК РЕЗИН;10;3
45224;ПОКРЫШКИ РЕЗИН;10;3
45225;ПОРОИЗОЛ;10;3
45226;ПРОБКИ РЕЗИН ЭБ;10;3
45227;ПРОД ШИН НОВ ПР;10;3
45229;РЕЗИНА ВС;10;3
45230;РУКАВА РЕЗИН;10;3
45231;ТАРА ЭБОНИТ ПР;10;3
45232;ТРУБКИ РЕЗИН ПР;10;3
45233;ШИНЫ РЕЗИН НОВ;10;3
45234;ШЛАНГИ РЕЗИН;10;3
45235;ЭБОНИТ;10;3
45301;АВТОКАМЕРЫ Б\У;10;3
45302;АВТОПОКРЫШК Б/У;10;3
45303;ВЕЛОКАМЕРЫ Б\У;10;3
45305;ПОКРЫШКИ Б\У;10;3
45306;ПРОД ШИН Б\У;10;3
45401;УГЛЕРОД ТЕХ;10;3
46101;АКРИЛНИТРИЛСТИР;10;3
46102;АМИНОПЛАСТЫ;10;3
46103;АСБОПЕКОЛИТ;10;3
46104;АСБОТЕКСТОЛИТ;10;3
46105;БАКЕЛИТ;10;3
46106;ВИНИПЛАСТ ЛИСТ;10;3
46107;ВОЛОКНИТ;10;3
46108;ГАЛАЛИТ;10;3
46110;ГИПАН;10;3
46111;ЖИД КРЕМНИЙОРГ;10;3
46114;КАРБОКСИМЕТИЛЦ;10;3
46115;КАРБОЛИТ;10;3
46117;КОПАЛЫ СИНТ;10;3
46118;КРОШКА КАРБОЛИТ;10;3
46119;МАССА АСБОВИНИЛ;10;3
46120;ПЛАСТМАССЫ ПР;10;3
46127;ПЛАСТИКАТЫ;10;3
46128;ЗАГУСТИТЕЛЬ АКР;10;3
46129;ПЕНОПЛАСТЫ;10;3
46130;ПЕНОПОЛИУРЕТАНЫ;10;3
46131;ПЛАСТИК БУМСЛ;10;3
46132;ПОЛИАКРИЛАМИДЫ;10;3
46133;ПОЛИВИНИЛАЦЕТАТ;10;3
46134;ПОЛИВИНИЛБУТИР;10;3
46135;ПОЛИВИНИЛХЛОРИД;10;3
46136;ПОЛИПРОПИЛЕН;10;3
46137;ПОЛИСТИРОЛ;10;3
46138;ПОЛИЭТИЛЕН;10;3
46139;ПОЛИЭФИР ТГМ-3;10;3
46140;ПРЕСС-ПОРОШ ПР;10;3
46141;ПР ПОЛИМЕРЫ;10;3
46142;СИЛИКОНЫ;10;3
46143;СМОЛА ПОЛИАМИД;10;3
46144;СМОЛА ФЕНОЛОФОР;10;3
46145;СМОЛЫ АКРИЛОВ;10;3
46146;СМОЛЫ АЛКИДН-АК;10;3
46147;СМОЛЫ АЛКИДН;10;3
46148;СМОЛЫ ИОНООБМЕН;10;3
46149;СМОЛЫ КАРБАМИДФ;10;3
46150;СМОЛЫ МЕЛАМИНОФ;10;3
46152;СМОЛЫ МОЧЕВИНОФ;10;3
46153;СМОЛЫ КАРБОМИДФ;10;3
46154;СМОЛЫ СИНТ ПР;10;3
46155;СМОЛЫ ФЕНОЛОФ Р;10;3
46156;СМОЛЫ ФЕНОЛОФ В;10;3
46159;СМОЛЫ ФЕНОЛОФУР;10;3
46160;СМОЛЫ ФОРМАЛЬД;10;3
46161;СОПОЛИМЕР 5Б;10;3
46162;СОПОЛИМ БМС-80;10;3
46163;СОПОЛИМЕР ВБМ;10;3
46164;СОПОЛИМЕРЫ ВИН;10;3
46165;СОПОЛИМЕРЫ ПРОП;10;3
46166;СТЕКЛОПЛАСТИК Л;10;3
46167;СТЕКЛОТЕКСТОЛИТ;10;3
46168;ТЕКСТОЛИТ;10;3
46171;ФТОРОПЛАСТЫ;10;3
46172;ЦЕЛЛОН;10;3
46173;ЦЕЛЛОФАН;10;3
46175;ЭМУЛЬСИИ АКР ПР;10;3
46176;ЭМУЛЬСИЯ ПОЛИВ;10;3
46177;ЭТРОЛ НИТРОЦЕЛ;10;3
46178;ПОЛИДИЕН;10;3
46180;СТАКРИЛЛАТ-1;10;3
46181;КОМПОЗ П-МЕРН С;10;3
46201;БАКИ КАРБОЛИТ;10;3
46202;ВАННЫ ФАОЛИТ;10;3
46203;ВТУЛКИ ТЕКСТОЛ;10;3
46204;ИЗД БАКЕЛИТОВЫЕ;10;3
46205;ИЗД ГАЛАЛИТОВЫЕ;10;3
46206;ИЗД ВИНИПЛАСТА;10;3
46207;ИЗД ОРГ СТЕКЛА;10;3
46208;ИЗД ПЛАСТ ПОЛИХ;10;3
46209;ИЗД ПЛАСТМАС ПР;10;3
46210;ИЗД ФЕНОПЛАСТА;10;3
46211;ИЗД ПОРОЛОНОВЫЕ;10;3
46212;ИЗД ТЕКСТОЛ ПР;10;3
46213;ИЗД ФАОЛИТОВЫЕ;10;3
46214;ИЗД ЦЕЛЛУЛОИДА;10;3
46215;КАНИСТРЫ ПОЛИЭТ;10;3
46216;КИНОПЛЕН НИТРОЦ;10;3
46217;КИНОПЛЕНКИ;10;3
46219;ЛЕНТЫ МАГНИТ;10;3
46220;ПЕРФОЛЬ;10;3
46221;ПЛЕНКА АНТИКОР;10;3
46222;ПЛЕНКА КИНЕМ Б;10;3
46223;ПЛЕНКА ПОЛИХ ПР;10;3
46224;ПЛЕНКА РЕНТГЕН;10;3
46225;ПЛЕНКА ЦЕЛЛОФАН;10;3
46226;ПЛИТКИ ПЛАСТМАС;10;3
46227;ПОДОШВЫ ПОЛИУР;10;3
46228;ПОРОЛОН;10;3
46229;ТРУБЫ СИНТ МАТ;10;3
46230;ФОТОБУМАГА;10;3
46231;ФОТОПЛЕНКА НИТР;10;3
46232;ФОТОПЛЕНКИ;10;3
46233;ЯЩИКИ ПОЛИЭТИЛ;10;3
46301;АНИД;10;3
46302;ВОЛОКН ИСКУС ПР;10;3
46303;КАПРОН;10;3
46304;ЛАВСАН;10;3
46305;НИТИ ИСКУС;10;3
46306;НИТРОН;10;3
46307;ХЛОРИН;10;3
46308;ШТАПЕЛЬ;10;3
46309;ФИЛЬТРЫ АЦЕТАТ;10;3
46401;БАЛЬЗАМ ПИХТ;10;3
46402;БУСТИЛАТ;10;3
46405;ЖЕЛАТИН ТЕХ;10;3
46406;КАЗЕИН ПИЩ ТЕХ;10;3
46407;КЛЕИ ЛЕГКОВОСП;10;3
46408;КЛЕЙ КАЗЕИН;10;3
46409;КЛЕЙ КАНИФОЛЬН;10;3
46411;КЛЕЙ РЕЗИН;10;3
46412;КЛЕЙ СИНТ;10;3
46413;КЛЕЙ СТОЛЯР;10;3
46414;КЛЕЙ ПР;10;3
46416;УГОЛЬ КОСТЯН;10;3
46501;БЛАК;10;3
46503;ВАР ПРОСТИЛОЧ;10;3
46504;ВОСК ХВОЙН;10;3
46506;ГУММИ  ПР;10;3
46507;ГУММИЛАК;10;3
46512;СМОЛА ДРЕВЕС;10;3
46513;СМОЛЫ ПРИРОД ПР;10;3
46601;БАКАН;10;3
46602;БЕЛИЛА ПР;10;3
46603;ДВУОКИСЬ ТИТАНА;10;3
46610;ИНДИГО;10;3
46614;КРАСИТЕЛИ ОРГ;10;3
46615;КРАСИТЕЛИ ПР;10;3
46617;КРАСКИ МАСЛ;10;3
46618;КРАСКИ ПР;10;3
46619;КРЕПИТЕЛИ Д/ЛАК;10;3
46620;ЛАЗУРЬ ЖЕЛЕЗ;10;3
46621;ЛАК АС-54;10;3
46622;ЛАК БИТУМ МАГН;10;3
46623;ЛАКИ БАКЕЛИТ;10;3
46624;ЛАКИ ПР;10;3
46625;"МАСТИКА ""ГЕЛАН""";10;3
46626;МАСТИКА Д/ПОЛОВ;10;3
46628;НИТРОКРАСКИ ПР;10;3
46630;НИТРОЭМАЛИ ПР;10;3
46633;ОЛИФА НАТУР ПР;10;3
46635;ОТВАРЫ ПР;10;3
46637;ПАСТА АЛЮМ Д/КР;10;3
46639;ПАСТА УПЛОТ;10;3
46641;ПОЛИТУРЫ ВС;10;3
46642;ПОЛУПРОДУКТЫ ПР;10;3
46644;ПРОТРАВЫ ПР;10;3
46646;РАЗБАВИТЕЛИ ПР;10;3
46648;СИККАТИВЫ ЖИД;10;3
46651;СОЛЬВЕНТ;10;3
46652;СОЛЬВЕНТ-НАФТА;10;3
46653;УЛЬТРАМАРИН;10;3
46654;ЭКСТРАКТЫ КР ПР;10;3
46655;ЭМАЛИ ВС;10;3
46656;ГРУНТОВ ШПАКЛЕВ;10;3
46657;МАСТИКИ ПР;10;3
46659;СМЕСИ ОТДЕЛОЧ П;10;3
46701;АМИНОТОЛУОЛЫ;10;3
46702;АМИНОФЕНОЛЫ;10;3
46703;АНИЛИН СОЛЯНКИС;10;3
46704;АНИЛИН;10;3
46706;БЕНЗАЛЬДЕГИД;10;3
46708;N,N-ДИМЕТИЛАНИЛ;10;3
46713;КСИЛИДИН;10;3
46714;2-НАФТОЛ ТЕХ;10;3
46718;НИТРОАНИЛИН;10;3
46724;РЕЗОРЦИН;10;3
46725;ОРТОТОЛУИДИН;10;3
46726;ТРИХЛОРБЕНЗОЛ;10;3
46727;ФЕНИЛЕНДИАМИН;10;3
46730;ХЛОРНИТРОАНИЛИН;10;3
46734;МЕТИЛАНИЛИН;10;3
47105;ПЕК КАМ.УГ.ЖИДК;10;3
47106;ПЕК ДРЕВЕС ПР;10;3
47107;ПЕК КАМУГ ТВЕР;10;3
47108;ПЕК ТАЛЛОВ;10;3
47109;ПОЛИТЕРПЕНЫ;10;3
47112;СМОЛА ТОРФ;10;3
47113;СМОЛА ФЕНОЛЬН;10;3
47114;СМОЛЫ КАМУГ ПР;10;3
47115;СМОЛЫ ПР;10;3
47116;СУРГУЧ;10;3
47202;КРЕЗОЛ;10;3
47203;КРЕЗОЛ ТЕХН;10;3
47205;МАСЛА КАМУГ ПР;10;3
47206;МАСЛО АНТРАЦЕН;10;3
47208;МАСЛО КАМУГ Д/Д;10;3
47211;МАСЛО КРЕОЗОТ;10;3
47216;МАСЛО СРЕД К/УГ;10;3
47217;МАСЛО ТАЛЛОВ;10;3
47219;НАПОЛНИТЕЛЬ ЖИР;10;3
47222;СКИПИДАР;10;3
47224;СОСТАВЫ ПРОП ПР;10;3
47229;МАСЛ ПОГЛОТ КХ;10;3
47230;ФРАКЦ НАФТАЛИН;10;3
47301;АККУМУЛЯТОРЫ;10;3
47302;ИЗД ГРАФИТ УГОЛ;10;3
47303;МАССА АНОД;10;3
47304;ТЕРМОГРАФИТ;10;3
47306;ЭЛЕКТРОДЫ ГР ПР;10;3
47307;ЭЛЕМЕНТЫ ГАЛЬВ;10;3
47308;МАССА ЭЛЕКТРОД;10;3
47309;МАССА УГЛЕРОД.;10;3
47401;УГОЛЬ ЖИВ РАСТ;10;2
47501;АНТИОКИСЛ ДРЕВ;10;3
47511;КАНИФОЛЬ;10;3
47512;КИСЛОТЫ ЖИР ТАЛ;10;3
47514;ЛИГНОСУЛЬФ ТЕХ;10;3
47515;МАСЛО ДРЕВ-СМОЛ;10;3
47516;МАСЛО КАНИФОЛЬН;10;3
47517;МАСЛО СОСНОВ;10;3
47518;МЫЛО КАНИФОЛЬН;10;3
47519;МЫЛО СУЛЬФАТ;10;3
47520;МЯГЧИТЕЛИ ПР;10;3
47521;МЯГЧИТЕЛИ РЕЗИН;10;3
47522;НАФТА КАМЕННОУГ;10;3
47525;ПРОД КОКСЖИМ ПР;10;3
47527;СЫРЬЕ КОКСХ УГЛ;10;3
47530;ЭКСТРАКТ АРОМАТ;10;3
48101;БАРИЯ ПЕРОКСИД;10;3
48102;БЕРИЛИЯ ОКСИД;10;3
48103;ВОДОР ПЕРОКС ТВ;10;3
48105;ВОДОР ПЕР 20-60;10;3
48106;ВОДОР ПЕР 8-20;10;3
48108;ЖЕЛЕЗА 2 ОКСИД;10;3
48109;ЖЕЛЕЗА 3 ОКСИД;10;3
48110;КАЛИЯ ОКСИД;10;3
48111;КАЛИЯ ПЕРОКСИД;10;3
48112;КАЛЬЦИЯ ОКСИД;10;3
48113;КАЛЬЦИЯ ПЕРОКС;10;3
48114;КИСЛ АЗОТНАЯ;10;3
48117;КИСЛ БОРНАЯ;10;3
48118;КИСЛ БРОМИСТ Р;10;3
48121;КИСЛ КРЕМНЕФТОР;10;3
48122;КИСЛ ПЛАВИКОВАЯ;10;3
48123;КИСЛ СЕРНАЯ;10;3
48124;ОЛЕУМ;10;3
48126;КИСЛ СОЛЯНАЯ;10;3
48127;КИСЛ ФОСФОРИСТ;10;3
48128;КИСЛ ФОСФОРНАЯ;10;3
48132;КИСЛ НЕОРГ ПР;10;3
48133;КОБАЛЬТА ОКСИД;10;3
48135;МАГНИЯ ОКСИД;10;3
48137;МАРГАНЦ 4 ОКСИД;10;3
48139;МЕДИ 2 ОКСИД;10;3
48141;МЕЛАНЖ КИСЛОТ;10;3
48143;НАТРИЯ ОКСИД;10;3
48144;НАТРИЯ ПЕРОКСИД;10;3
48148;ОКСИДЫ ПР;10;3
48150;СВИНЦА 4 ОКСИД;10;3
48151;СЕРЫ 4 ОКСИД;10;3
48154;СТРОНЦ ПЕРОКСИД;10;3
48157;ФОСФОРА 5 ОКСИД;10;3
48159;ХРОМА 6 ОКСИД;10;3
48160;ХРОМА ОКСИД;10;3
48161;ЦИНКА ПЕРОКСИД;10;3
48162;ВАНАДИЯ 5 ОКСИД;10;3
48201;АЛЮМ ГИДРОКСИД;10;2
48202;БАРИЯ ГИДРОКСИД;10;2
48203;ГИДРАЗИН-ГИДРАТ;10;2
48204;ГИДРОКАРБ НАТР;10;2
48205;ГИДРОКСИДЫ ПР;10;2
48207;ГИДРОКСИЛАМ ПР;10;2
48208;КАЛИЯ ГИДРОКС Р;10;2
48209;КАЛИЯ ГИДРОКС Т;10;2
48210;КАЛИЯ КАРБОНАТ;10;2
48211;КАУСТИК ОТРАБОТ;10;2
48212;ЛИТИЯ ГИДРОКСИД;10;2
48213;НАТР ГИДРОКС Т;10;2
48214;НАТР ГИДРОКС Р;10;2
48215;НАТРИЯ КАРБОНАТ;10;2
48216;ХРОМА ГИДРОКСИД;10;2
48217;ЭЛЕКТРОЛИТ ЩЕЛ;10;2
48301;АЛЮМИНАТ НАТРИЯ;10;3
48302;АЛЮМИНИЯ НИТРАТ;10;3
48303;АЛЮМ СУЛЬФАТ;10;3
48304;АММОН БИСУЛЬФИТ;10;3
48305;АММОНИЯ НИТРАТ;10;3
48306;АММОН КАРБОНАТ;10;3
48308;АММОН ПЕРОКСОД;10;3
48309;АММОН ПЕРХЛОРАТ;10;3
48311;АММОНИЯ ФОСФАТ;10;3
48314;БАР БРОМАТА МОН;10;3
48315;БАРИЯ ДИХРОМАТ;10;3
48317;БАРИЯ НИТРАТ;10;3
48319;БАРИЯ СУЛЬФАТ;10;3
48322;ГИДРАЗИН-СУЛЬФ;10;3
48326;ЖЕЛЕЗА СУЛЬФАТ;10;3
48327;КАДМИЯ КАРБОНАТ;10;3
48328;КАДМИЯ СУЛЬФАТ;10;3
48330;КАЛИЯ БРОМАТ;10;3
48331;КАЛИЯ ДИХРОМАТ;10;3
48332;КАЛИЯ НИТРАТ;10;3
48333;КАЛИЯ НИТРИТ;10;3
48334;КАЛИЯ ПЕРМАНГАН;10;3
48335;КАЛИЯ ПЕРОКССУЛ;10;3
48336;КАЛИЯ ПЕРХЛОРАТ;10;3
48337;КАЛИЯ ПИРОФОСФ;10;3
48339;КАЛИЯ ХЛОРАТ;10;3
48342;КОБАЛЬТ СЕРНКИС;10;3
48343;КАЛЦ ГИПХЛ10-39;10;3
48344;КАЛЦ ГИПХЛ Б39;10;3
48345;КАЛЬЦИЯ НИТРАТ;10;3
48348;КАЛЬЦИЯ СУЛЬФАТ;10;3
48349;КАЛЬЦИЯ ФОСФАТ;10;3
48352;КУПОРОСЫ ПР;10;3
48354;МАГНИЯ КАРБОНАТ;10;3
48355;МАГНИЯ НИТРАТ;10;3
48357;МАРГАНЦА БОРАТ;10;3
48358;МАРГАНЦ СУЛЬФАТ;10;3
48359;МАРГАНЦА ФОСФАТ;10;3
48362;МЕДИ СУЛЬФАТ;10;3
48366;НАТР БИСУЛЬФАТ;10;3
48368;НАТРИЯ БОРАТ;10;3
48369;НАТРИЯ БРОМАТ;10;3
48370;НАТР ГЕКСАМЕТФ;10;3
48372;НАТРИЯ ГИДРОСУЛ;10;3
48373;НАТРИЯ ГИПОСУЛ;10;3
48374;НАТРИЯ ГИПОХЛОР;10;3
48375;НАТРИЯ ДИХРОМАТ;10;3
48376;НАТРИЯ НИТРАТ;10;3
48377;НАТРИЯ НИТРИТ;10;3
48379;НАТР ПЕРОКСОДИС;10;3
48380;НАТРИЯ СУЛЬФАТ;10;3
48381;НАТРИЯ СУЛЬФИТ;10;3
48382;БУРА;10;3
48384;НАТР ТРИПОЛИФОС;10;3
48385;НАТРИЯ ХЛОРАТ;10;3
48386;НАТРИЯ ХЛОРИТ;10;3
48390;НИКЕЛЯ СУЛЬФАТ;10;3
48393;ОЛОВА 2 СУЛЬФАТ;10;3
48394;ПОЛИФОСФАТЫ;10;3
48395;Р-Р СМЕСИ ХЛ С;10;3
48396;СЕЛИТ АММ-КАЛЬЦ;10;3
48397;СВИНЦА НИТРАТ;10;3
48399;НИТРИТЫ ПР;10;3
48401;НИТРАТЫ ПР;10;3
48403;СОЛИ БОРНКИС ПР;10;3
48404;СОЛИ КИСЛОР ПР;10;3
48405;СУЛЬФИТЫ ПР;10;3
48406;СУЛЬФАТЫ ПР;10;3
48407;КАРБОНАТЫ ПР;10;3
48408;ФОСФАТЫ ПР;10;3
48410;ГИПОХЛОРИТЫ ПР;10;3
48411;СТРОНЦ КАРБОНАТ;10;3
48412;СТРОНЦИЯ НИТРАТ;10;3
48413;ТРИНАТРИЙФОСФАТ;10;3
48416;ЦИНКА ДИХРОМАТ;10;3
48417;ЦИНКА НИТРАТ;10;3
48419;РАСТВ ОБР ПОГЛ;10;3
48501;АЛЮМИНИЯ ФТОРИД;10;3
48502;АЛЮМИНИЯ ХЛОРИД;10;3
48503;АЛЮМ ХЛОРИД Б;10;3
48504;АММОНИЯ БРОМИД;10;3
48505;АММОН ГИДРОФТ Т;10;3
48507;АММОНИЯ РОДАНИД;10;3
48509;АММОНИЯ ФТОРИД;10;3
48510;АММОНИЯ ХЛОРИД;10;3
48513;БАРИЯ ХЛОРИД;10;3
48516;БОРА ТРИХЛОРИД;10;3
48521;ЖЕЛЕЗА 3 ХЛОР Р;10;3
48530;КАЛИЙ БРОМИСТЫЙ;10;3
48535;КАЛИЯ ФЕРРОЦИАН;10;3
48538;КАЛЬЦИЯ ФТОРИД;10;3
48540;КАЛЬЦИЯ ХЛОР Р;10;3
48546;КРИОЛИТ;10;3
48547;МАГНИЯ ФТОРОСИЛ;10;3
48548;МАГНИЯ ХЛОРИД;10;3
48552;НАТРИЯ ЙОДИД;10;3
48553;НАТРИЯ РОДАН Р;10;3
48554;НАТРИЯ СУЛЬФИД;10;3
48555;НАТРИЯ ФТОРИД;10;3
48556;НАТР СУЛЬФ М30;10;3
48557;НАТР СУЛЬФ НМ30;10;3
48558;НАТРИЯ ФТОРОСИЛ;10;3
48559;НАТРИЯ ЦИАНИД;10;3
48560;ОЛОВА ТЕТРАХЛ Б;10;3
48561;ОЛОВО ХЛОРИСТОЕ;10;3
48567;СОЛИ БЕСКИСЛ ПР;10;3
48568;БРОМИДЫ ПР;10;3
48569;СОЛИ КРЕМНИС ПР;10;3
48570;СУЛЬФИДЫ ПР;10;3
48571;ФТОРИДЫ ПР;10;3
48572;ХЛОРИДЫ ПР;10;3
48573;ЦИАНИДЫ ПР;10;3
48575;ТИТАНА ТЕТРАХЛ;10;3
48578;ФОСФОР ПЕНТАСУЛ;10;3
48586;ЦИНКА СУЛЬФИД;10;3
48587;ЦИНКА ХЛОРИД;10;3
48590;КАЛЬЦИЯ ХЛ БЕЗВ;10;3
48591;КРЕМНИЯ ТЕТРАФТ;10;3
48593;СУЛЬФИДЫ НАТРИЯ;10;3
48600;СОРБ КАТАЛ КОАГ;10;3
48601;АБСОРБЕНТЫ;10;3
48603;АЭРОСИЛ;10;3
48606;КАТАЛИЗ КЧ-41;10;3
48607;КАТАЛИЗ МЕТ УВЛ;10;3
48608;КАТАЛИЗ НИКЕЛ;10;3
48610;КАТАЛИЗ ЖИД ТВ;10;3
48611;КОАГУЛЯНТ ЖЕЛЕЗ;10;3
48614;КОАГУЛЯНТ ОКСИХ;10;3
48615;КОАГУЛЯНТЫ ПР;10;3
48616;САЖА БЕЛАЯ;10;3
48617;СИЛИКАГЕЛЬ;10;3
48618;СУЛЬФОУГОЛЬ;10;3
48619;УГОЛЬ АКТИВИР;10;3
48708;КАЛИЙ;10;3
48710;КАЛЬЦИЙ;10;3
48711;КАЛЬЦИЯ СПЛАВЫ;10;3
48712;МЕТАЛЛЫ ПР;10;3
48714;НАТРИЙ;10;3
48716;СЕРА;10;3
48718;ФОСФОР БЕЛ ЖЕЛ;10;3
48719;ФОСФОР АМОРФ;10;3
48801;АЗОТ ЖИД ОХЛАЖ;10;3
48802;АЗОТ СЖАТЫЙ;10;3
48803;АЗОТА ГЕМИОКСИД;10;3
48804;АММИАК ЖИД БЕЗВ;10;3
48805;АРГОН СЖАТЫЙ;10;3
48806;АРГОН ОХЛАЖ ЖИД;10;3
48812;БУТАДИЕН ИНГИБ;10;3
48814;ВОДОРОД СЖАТЫЙ;10;3
48816;АММИАК БЕЗВ СЖ;10;3
48817;ВОДОРОД ФТОР Б;10;3
48820;ГАЗ УГЛЕКИСЛЫЙ;10;3
48821;ГАЗЫ ИНЕРТ ПР;10;3
48822;ГАЗЫ КР ЭНЕР ПР;10;3
48824;ГЕЛИЙ СЖАТЫЙ;10;3
48825;ДИМЕТИЛАМИН Б;10;3
48826;ДИФТОРХЛОРМЕТАН;10;3
48830;КИСЛОРОД ОХЛАЖ;10;3
48831;КИСЛОРОД СЖАТЫЙ;10;3
48839;СЕРЫ ГЕКСАФТОР;10;3
48843;ТЕТРАФТОРЭТАН;10;3
48844;ТРИФТОРЭТАН СЖ;10;3
48846;ХЛАДОН-503;10;3
48847;ХЛОР;10;3
48850;ЭТИЛЕН ЖИДКИЙ;10;3
48852;ОКСИД;10;3
48906;ГИДРИДЫ ПР;10;3
48912;КАЛЬЦИЯ КАРБИД;10;3
48915;КАЛЬЦ ЦИАНАМИД;10;3
48917;КАРБИДЫ ПР;10;3
48918;КАТАЛИЗАТОР ЦН;10;3
48927;НАТРИЯ АМИД;10;3
48931;НЕОРГ СОЕДИН ПР;10;3
48934;САХАР-САТУРН;10;3
48935;СИЛИЦИДЫ ПР;10;3
50101;МУКА ПШЕНИЧ ВЫС;9;2
50102;МУКА ПШЕНИЧ 1С;9;2
50103;МУКА ПШЕНИЧ 2С;9;2
50104;МУКА ПШЕНИЧ ПР;9;2
50201;МУКА РЖАН-ПШЕН;9;2
50202;МУКА РЖАН ВС;9;2
50301;ГОРОХ ДРОБ ЛУЩ;9;2
50302;ДЕРТЬ;9;2
50303;КРУПА ГРЕЧ ПРОД;9;2
50304;КРУПА ГРЕЧ ЯДР;9;2
50305;КРУПА КУКУРУЗ;9;2
50306;КРУПА МАН;9;2
50307;КРУПА ОВСЯН;9;2
50308;КРУПА ПЕРЛОВ;9;2
50309;КРУПА ПОЛБЯН;9;2
50310;КРУПА ПР;9;2
50311;КРУПА ПШЕНИЧ АР;9;2
50312;КРУПА ЯЧНЕВ;9;2
50313;ПШЕНО;9;2
50314;РИС;9;2
50315;САГО;9;2
50316;СЕЧКА ОВСЯН;9;2
50317;СЕЧКА ПРОСЯН;9;2
50318;СЕЧКА ПР;9;2
50319;СЕЧКА РИСОВ;9;2
50320;СЕЧКА ЯЧМЕН;9;2
50321;ТОЛОКНО;9;2
50322;ХЛОПЬЯ КУКУРУЗ;9;2
50323;ХЛОПЬЯ ОВСЯН;9;2
50324;ХЛОПЬЯ ПШЕНИЧ;9;2
50325;ХЛОПЬЯ РИСОВ;9;2
50401;МУКА ГОРОХ;9;2
50402;МУКА КУКУРУЗ;9;2
50403;МУКА ОВСЯН;9;2
50404;МУКА СОЕВ;9;2
50405;МУКА ЯЧМЕН;9;2
50406;МУКА ПР;9;2
50501;МУЧКА КОРМОВ;9;2
50502;ОТРУБИ ПШЕНИЧ;9;2
50503;ОТРУБИ ПР;9;2
50504;ОТРУБИ РЖАН;9;2
50506;ОТХОДЫ МУК ЗЕРН;9;2
50507;ПЫЛЬ МУЧН;9;2
51101;ИЗД СУХАРНЫЕ;10;2
51102;ИЗД ХЛЕБОБ ПР;10;2
51103;ХЛЕБ ПЕЧЕНЫЙ ВС;10;2
51201;ВЕРМИШЕЛЬ;10;2
51202;ЛАПША;10;2
51203;ИЗД МАКАРОН ПР;10;2
51204;МАКАРОНЫ;10;2
51301;ВАФЛИ;10;2
51302;ГАЛЕТЫ КОНДИТ;10;2
51303;ИЗД КОНДИТ ПР;10;2
51304;КЕКСЫ;10;2
51305;ПЕЧЕНЬЕ;10;2
51306;ПИРОЖНЫЕ;10;2
51307;ПРЯНИКИ КОВРИЖ;10;2
51401;ВОСК ПЧЕЛИН;10;2
51402;ВОЩИНА;10;2
51403;ИЗД САХАРН ПР;10;2
51404;КАРАМЕЛЬ;10;2
51405;КОНФЕТЫ ПР;10;2
51406;МАРМЕЛАД;10;2
51407;МЕД ИСКУС;10;2
51408;МЕД ПЧЕЛИН;10;2
51410;НАЧИНКА КАРАМЕЛ;10;2
51411;ПАСТИЛА;10;2
51412;СЛАДОСТИ ВОС ПР;10;2
51413;САХАР ФРУКТ ЯГ;10;2
51414;СОТЫ С МЕДОМ;10;2
51416;ЦУКАТЫ;10;2
51417;ХАЛВА;10;2
51418;ШОКОЛАД;10;2
51501;ГИДРОЛ;10;3
51502;ГЛЮКОЗА;10;3
51503;ГЛЮТЕН;10;3
51504;ДЕКСТРИНЫ;10;3
51505;КЛЕЙКОВИНА;10;3
51506;КРАХМАЛ ПР;10;3
51507;ЛАКТОЗА;10;3
51508;МАЛЬТОЗА;10;3
51509;МЕЛАССА;10;3
51510;МУКА КАРТОФЕЛЬН;10;3
51511;ПАТОКА КРАХМ ГЛ;10;3
51512;ПАТОКА МАЛЬТОЗ;10;3
51513;ПАТОКА ПР;10;3
51514;ТАПИОКА;10;3
51601;АГАР АГАРОИД;10;2
51602;КАКАО В БОБАХ;10;2
51603;ВАНИЛЬ;10;2
51604;ГВОЗДИКА;10;2
51605;ГОРЧИЦА ПИЩ;10;2
51606;ДРОЖЖИ ХЛЕБОПЕК;10;2
51607;ЖЕЛАТИН ПИЩ;10;2
51608;ЖЕЛЕ;10;2
51609;ИМБИРЬ;10;2
51610;КАКАО-ПОРОШ НАТ;10;2
51611;КАКАО-СУРРОГАТ;10;2
51612;КАПЕРСЫ;10;2
51614;КВАС СУХ;10;2
51615;КИСЕЛЬ СУХ;10;2
51616;КИСЛ ВИННОКАМЕН;10;2
51617;КИСЛ ЛИМОННАЯ;10;2
51618;КИСЛ МОЛОЧНАЯ;10;2
51619;КОНЦ КРУПЯН ПР;10;2
51620;КОНЦ ПИЩ ПР;10;2
51621;КОРИЦА;10;2
51622;КОФЕ НАТУР;10;2
51623;КОФЕ-СУРРОГАТ;10;2
51624;КРОВЬ КОНСЕР;10;2
51626;КУБИКИ БУЛЬОН;10;2
51627;ЛИСТ ЛАВРОВЫЙ;10;2
51628;МОЛОКО СУХ;10;2
51629;МУКА БЛИН;10;2
51630;МУКА ДИЕТ Д/ДЕТ;10;2
51631;НАПИТКИ КОФЕЙН;10;2
51632;НАПИТКИ ФРУК ПР;10;2
51633;НАПИТКИ ЧАЙН;10;2
51634;ОБРАТ СУХ;10;2
51635;ПАЛОЧКИ КУКУРУЗ;10;2
51636;ПЕКТИНЫ;10;2
51637;ПЕРЕЦ ВС;10;2
51638;ПОРОШКИ ОВОЩ;10;2
51639;ПОРОШОК ЯИЧН;10;2
51640;ПРЯНОСТИ ПР;10;2
51641;СЕМЯ ПОДСОЛ Б\С;10;2
51642;СЛИВКИ СУХ;10;2
51643;СУПЫ ГОТОВ;10;2
51644;УКСУС ПИЩ;10;2
51646;ХРЕН СТОЛОВ;10;2
51647;ЦИКОРИЙ;10;2
51648;ЧАЙ БАЙХ ЗЕЛЕН;10;2
51649;ЧАЙ БАЙХ ЧЕРН;10;2
51650;ЧАЙ ЗЕЛЕН КИРП;10;2
51651;ЧАЙ ПЛИТОЧ;10;2
51652;ЧАЙ НАТУР ПР;10;2
51654;КАКАОВЕЛЛА;10;2
51655;ЭКСТРАКТ СОЛОД;10;2
51656;ЭКСТРАКТ ЧАЙН;10;2
51657;ЭКСТРАКТЫ КУКУР;10;2
51659;ЭКСТРАКТЫ ФРУКТ;10;2
51660;СЫВОРОТ МОЛ СУХ;10;2
51701;МАХОРКА;10;3
51702;ПАПИРОСЫ;10;3
51703;СИГАРЕТЫ;10;3
51704;СИГАРЫ;10;3
51705;ТАБАК НЮХАТЕЛЬН;10;3
51706;ТАБАК ОБРАБОТ;10;3
51707;ИЗД ТАБАКА ПР;10;3
52101;САХАР-ПЕСОК;10;2
52102;ПУДРА САХАР;10;2
52104;САХАР-РАФИНАД;10;2
52105;САХАР-СЫРЕЦ;10;2
52106;КСИЛИТ ПИЩ;10;2
52107;САХАР ДИАБЕТ ПР;10;2
53102;СОЛЬ КОРМ;10;2
53103;СОЛЬ ПИЩ МОЛОТ;10;2
53104;СОЛЬ ПИЩ НЕМОЛ;10;2
53105;"СОЛЬ ""ЭКСТРА""";10;2
53106;СОЛЬ ТЕХНИЧ;10;2
53107;СОЛЬ ПИЩ ВЫВАР;10;2
54101;ДИНАТРИЙФОСФ К;10;2
54102;КОМБИКОРМА ВС;10;2
54103;КОНЦ КАРБАМИД;10;2
54104;МОНОАММОНИЙФ К;10;2
54105;ПРЕМИКСЫ;10;2
54106;ФОСФАТ ОБЕСФТ К;10;2
54107;ФОСФАТЫ КОРМ ПР;10;2
54108;КОРМ ДЛЯ НПРОД;10;2
54201;ВЫЖИМКИ ОВОЩ;10;2
54203;ДРОБИНА ПИВ;10;2
54204;ДРОЖЖИ КОРМ;10;2
54205;ЖМЫХИ;10;2
54206;ЖОМ КАРТОФЕЛ;10;2
54207;ЖОМ СВЕКЛОВ;10;2
54208;КОРМ ПРОД ДО 45;10;2
54209;КРУПА КОРМ РАК;10;2
54210;ЛУЗГА;10;2
54211;МУКА КОРМ ОВОЩ;10;2
54213;МУКА КОРМ МЯСН;10;2
54214;МУКА КОРМ МЯС-К;10;2
54215;МУКА КОРМ РЫБН;10;2
54216;МУКА КРОВЯН;10;2
54218;ОТХ ПИЩПРОМ ПР;10;2
54219;ПФАБР КОСТ Д/Ж;10;2
54220;СКОРЛУПА ОРЕХ;10;2
54221;ШЕЛУХА;10;2
54222;ШРОТ КОРМ ПР;10;2
54223;ШРОТ 1,5-11ВЛ;10;2
54225;ЖМЫХИ 1,5-11ВЛ;10;2
54226;МУКА РЫБН;10;2
54227;КОНЦ КМБ-12;10;2
54228;ПЕЛЛЕТЫ ПОДСОЛН;10;2
54229;ЖОМ СВЕКЛ СУШ Г;10;2
55101;МОЛОКО ПР;10;2
55102;МОЛОКО ОБЕЗЖИР;10;2
55201;БРЫНЗА;10;2
55204;МОРОЖЕНОЕ;10;2
55207;СЛИВКИ СВЕЖ;10;2
55208;СЛИВКИ ПР;10;2
55209;СМЕТАНА;10;2
55210;СЫВОРОТКА МОЛОЧ;10;2
55211;ПРОД МОЛОЧ ПР;10;2
55212;ТВОРОГ;10;2
55302;МАСЛО СЛИВОЧ;10;2
55303;МАСЛО ТОПЛЕН;10;2
55304;СЫР;10;2
55401;ЖИРЫ ХЛЕБОПЕК;10;2
55402;ЖИРЫ КОНДИТ;10;2
55403;ЖИРЫ КУЛИНАР;10;2
55404;МАРГАРИН;10;2
55405;ПРОД МАРГАР ПР;10;2
55407;САЛОМАС ПИЩ;10;2
55408;САЛОМАС ЖИРЫ ТЕ;10;2
55409;ЗАМЕН МОЛОЧ ЖИР;10;2
55410;СПРЕДЫ РАСТ-ЖИР;10;2
55411;СМЕСИ ТОПЛ РАСТ;10;2
55412;ЗАМЕНИТ КАКАО;10;2
55413;МАСЛА МОДИФ ПИЩ;10;2
55501;ЯЙЦА ПТИЦЫ;10;2
55502;ЯЙЦА ПР;10;2
55602;МАСЛО АРАХИС;10;2
55604;МАСЛО ГОРЧИЧ;10;2
55605;МАСЛО КАКАОВЕЛ;10;2
55607;МАСЛО КАСТОР;10;2
55609;МАСЛО КОКОСОВ;10;2
55612;МАСЛО КУКУРУЗ;10;2
55613;МАСЛО КУНЖУТ;10;2
55614;МАСЛО ЛЬНЯН;10;2
55616;МАСЛО ОЛИВКОВ;10;2
55618;МАСЛО ПАЛЬМОВ;10;2
55619;МАСЛО ПАЛЬМОЯДР;10;2
55620;МАСЛО ПОДСОЛНЕЧ;10;2
55621;МАСЛО ПРОВАНСК;10;2
55622;МАСЛО РАПСОВ;10;2
55625;МАСЛО СОЕВ;10;2
55630;МАСЛА РАСТ П ПР;10;2
55631;ОСТ РАСТИТ М ПР;10;2
55632;СОАПСТОКИ СВ М;10;2
56102;ГОВЯДИНА В БЛОК;10;2
56103;ГОВЯДИНА МОРОЖ;10;2
56104;ГОВЯДИНА ОХЛАЖД;10;2
56107;МЯСО ДИК ЖИВОТН;10;2
56109;МЯСО ДОМАШ ЖИВ;10;2
56110;МЯСО ПТИЦ ДОМАШ;10;2
56111;СВИНИНА В БЛОК;10;2
56112;СВИНИНА МОРОЖ;10;2
56114;СУБПРОД МЯСН ПР;10;2
56202;ИЗД КОЛБАСНЫЕ;10;2
56203;КОПЧЕНОСТИ МЯСН;10;2
56205;МЯСОПРОД ПР;10;2
56206;ПЕЛЬМЕНИ;10;2
56207;ПФАБР МЯС ЗАМОР;10;2
56303;ЖИРЫ ЖИВОТ ПИЩ;10;2
56304;ЖИРЫ ЖИВОТ ТЕХ;10;2
56305;САЛО СВИНОЕ СОЛ;10;2
56306;САЛО ЖИВОТ ПИЩ;10;2
56307;ЖИР ЖИВОТ КОРМ;10;2
56401;АЛЬБУМИН;10;3
56404;КОСТЬ ПИЩ;10;3
56405;МЕЗДРА;10;3
56406;ОБОЛОЧКА КОЛБАС;10;3
56407;ОТХОДЫ МЯСН ПР;10;3
56408;РОГА КОПЫТА;10;3
57201;ИЗД КУЛИНАР РЫБ;10;2
57202;КРАБЫ;10;2
57203;КРЕВЕТКИ;10;2
57204;МОЛЛЮСКИ;10;2
57206;ОТХОДЫ РЫБН ПР;10;2
57207;РАКИ ПРЕСНОВОД;10;2
57208;РЫБА СВЕЖМОР;10;2
57209;РЫБА СВЕЖ ОХ ПР;10;2
57210;РЫБА ПР;10;2
57212;УСТРИЦЫ;10;2
57213;ФИЛЕ РЫБН;10;2
57302;ВОБЛА ВЯЛ КОП;10;2
57304;ИКРА РЫБ ПИЩ;10;2
57305;ПЕЛЬМЕНИ РЫБН;10;2
57306;РЫБА ВЯЛ КОП ПР;10;2
57307;РЫБА МАРИНОВ;10;2
57308;РЫБА СОЛ КР СЕЛ;10;2
57309;РЫБА СУШ;10;2
57311;СЕЛЬДЬ СОЛЕН;10;2
57403;ЖИР РЫБ;10;3
57404;ЖИР МОРСК ВЕТЕР;10;3
57405;ЖИР МОРСК ТЕХ;10;3
57407;ЖИР МОРСК ПР;10;3
58101;ВАРЕНЬЕ;10;2
58102;ГОРОШЕК ЗЕЛ КОН;10;2
58103;ГРИБЫ МАРИН СОЛ;10;2
58104;ГРУШИ МОЧЕН;10;2
58105;ДЖЕМЫ;10;2
58106;КАПУСТА КВАШЕН;10;2
58107;КОМПОТЫ;10;2
58108;КОНСЕРВЫ ИЗ РАК;10;2
58109;КОНСЕРВЫ МОЛОЧ;10;2
58110;КОНСЕРВЫ ОВОЩ;10;2
58111;КОНСЕРВЫ РЫБН;10;2
58112;КОНСЕРВЫ ФРУКТ;10;2
58114;КОНФИТЮРЫ;10;2
58115;КОРЕНЬЯ МАРИНОВ;10;2
58116;МАЙОНЕЗ;10;2
58117;МАСЛИНЫ КОНСЕР;10;2
58118;МЕЛАНЖ ЯИЧН;10;2
58119;МОЛОКО СГУЩЕН;10;2
58120;ОБРАТ СГУЩЕН;10;2
58121;ОВОЩИ МАРИН ПР;10;2
58122;ОГУРЦЫ МАРИНОВ;10;2
58123;ПАСТА ПЮРЕ ТОМ;10;2
58124;ПОВИДЛО ФРУКТ;10;2
58125;ПОМИДОРЫ МОЧЕН;10;2
58126;ПРЕСЕРВЫ РЫБН;10;2
58127;ПУЛЬПА ПЛОДОВ;10;2
58128;ПЮРЕ ОВОЩ;10;2
58129;ПЮРЕ ПЛОД ЯГОД;10;2
58130;СИРОПЫ ВС;10;2
58131;СОУСЫ ВС;10;2
58132;ТЫКВА МОЧЕН СОЛ;10;2
58134;ЯГОД ФРУКТ МОЧ;10;2
58135;КОНСЕРВЫ МЯСН;10;2
58201;АНАНАСЫ СУШ;10;2
58202;ВИНОГРАД СУШ;10;2
58203;ВИШНИ СУШ;10;2
58204;ГРУШИ СУШ;10;2
58207;КИШМИШ;10;2
58208;КОМПОТ СУХ ФРУК;10;2
58209;КУРАГА;10;2
58210;МАЛИНА СУШ;10;2
58213;ФРУКТЫ СУШ ПР;10;2
58216;ЧЕРНОСЛИВ СУШ;10;2
58217;ЯБЛОКИ СУШ;10;2
58218;ЯГОДЫ СУШ ПР;10;2
58301;ГРИБЫ СУШ;10;2
58302;КАРТОФЕЛЬ СУШ;10;2
58303;КОРЕНЬЯ СУШ;10;2
58304;ОВОЩИ СУШ ПР;10;2
58305;ПЕРЕЦ СТРУЧ СУШ;10;2
58306;ТЫКВА СУШ;10;2
58401;СОК ВИНОГРАД СГ;10;2
58402;СОК ВИНОГРАД ПР;10;2
58403;СОК ТОМАТ;10;2
58404;СОК ЯБЛОЧ;10;2
58406;СОКИ ОВОЩ ПР;10;2
58407;СОКИ ПР;10;2
58408;СОКИ ФРУКТ ПР;10;2
58409;СУСЛО ВИНОГРАД;10;2
59101;ВИНА ВИНОГРАД;10;3
59102;ВИНА ФРУКТ ЯГОД;10;3
59103;ВИНА ШАМПАН ИГР;10;3
59104;ВИНОМАТЕР М 24;10;3
59105;НАПИТКИ ФЕРМЕНТ;10;3
59107;СИДРЫ;10;3
59201;БРАГА АЛКОГОЛЬН;10;3
59202;ПИВО ВС;10;3
59203;СУСЛО ПИВН;10;3
59301;ВОДКА;10;3
59302;ИЗД ВОДОЧ ПР;10;3
59303;КОМПОЗ Д/ЛИМОН;10;3
59304;КОНЬЯКИ;10;3
59305;ЛИКЕРЫ;10;3
59306;НАЛИВКИ;10;3
59307;НАСТОЙКИ;10;3
59308;РОМ;10;3
59311;НАПИТК.СЛАБОАЛК;10;3
59401;ДИСТИЛЛАТ ВИН;10;3
59402;СПИРТ ЭТИЛ РЕКТ;10;3
59404;СПИРТ ДЕНАТУР П;10;3
59408;СПИРТ НЕДЕНАТУР;10;3
59409;СПИРТ ЭТИЛ НЕ П;10;3
59501;ВОДЫ МИНЕР ИСК;10;2
59502;КВАС ФРУКТ ХЛЕБ;10;2
59503;МОРСЫ ФРУКТ ЯГ;10;2
59504;НАПИТКИ ГАЗИРОВ;10;2
59505;НАПИТКИ ПЛОД ПР;10;2
59506;НАПИТКИ ПР;10;2
60101;БАРДА ЖИД;10;3
60201;ВОДА ОБЫКНОВ;10;3
60202;ЛЕД ЕСТЕСТ;10;3
60203;ВОДА ДИСТИЛЛИРО;10;3
61101;ХЛОПОК-ВОЛОКНО;10;3
61102;ЛИНТ ХЛОПКОВ;10;3
61103;ОТХОДЫ ХЛОПК;10;3
62101;ВОЛОКНА ЛУБ ПР;10;3
62102;ВОЛОКНО ДЖУТА;10;3
62106;ЛЬНОВОЛОКНО;10;3
62108;ЛЕН ЧЕСАН;10;3
62112;ОЧЕСЫ ВОЛОК ПР;10;3
62113;ОЧЕСЫ ЛЬНА;10;3
62116;ПЕНЬКОВОЛОКНО;10;3
62117;ПАКЛЯ;10;3
62203;НИТКИ СИНТ ШЕЛ;10;3
62205;НИТКИ ПР;10;3
62206;НИТКИ ХЛОПЧАТОБ;10;3
62208;ПРЯЖА ПР;10;3
62209;ПРЯЖА КАМВОЛЬН;10;3
62210;ПРЯЖА ЛЬНО-ДЖУТ;10;3
62211;ПРЯЖА ЛЬНЯН;10;3
62213;ПРЯЖА ХЛОПЧАТОБ;10;3
62215;ПРЯЖА ШЕРСТЯН;10;3
62216;ПРЯЖА ШТАПЕЛЬН;10;3
62301;ВЕРЕВКИ ПР;10;3
62302;ИЗД КРУЧЕНЫЕ ПР;10;3
62304;КАНАТЫ ХИМ ВОЛ;10;3
62305;КАНАТЫ ПЕНЬКОВ;10;3
62306;КОВРЫ ВЕРЕВОЧ;10;3
62307;СЕТИ ВЕРЕВОЧ;10;3
62309;ТРОСЫ ВЕРЕВОЧ;10;3
62310;ШНУРЫ ПР;10;3
62311;ШНУРЫ КРУЧЕН;10;3
62312;ШПАГАТ ВС;10;3
62401;ВАТА ХЛОПЧАТОБ;10;3
62402;ВАТА ХЛОПК;10;3
62502;ВАТА ШЕЛКОВ;10;3
62601;ВОЙЛОК ПР;10;3
62602;ВОЙЛОК СТРОИТ;10;3
62603;ВОЙЛОК ТЕХ;10;3
62604;ДЕТАЛИ ВОЙЛОЧ;10;3
62605;ИЗД ВОЙЛОЧ;10;3
62606;КОВРЫ ВОЙЛОЧ;10;3
62607;СТЕЛЬКИ ВОЙЛОЧ;10;3
63101;БЕЛЬТИНГ;10;3
63102;БРЕЗЕНТ;10;3
63103;КАРАКУЛЬ ИСКУС;10;3
63104;КЛЕЕНКА ВС;10;3
63106;ЛОСКУТ ТКАН МЕР;10;3
63107;МЕХ ИСКУС;10;3
63108;ПАРУСИНА БРЕЗЕН;10;3
63109;ПОЛОТНО;10;3
63110;СУКНО ШЕРСТЯН;10;3
63111;ТКАНИ БРЕЗЕНТ;10;3
63112;ТКАНИ БЯЗ ДЖУТ;10;3
63113;ТКАНИ ИСКУС СИН;10;3
63114;ТКАНИ ЛЬНЯН МЕШ;10;3
63115;ТКАНИ ПРОРЕЗ ПР;10;3
63116;ТКАНЬ ТЕХ ПР;10;3
63117;ТКАНИ ХЛОПЧ МАР;10;3
63118;МАТЕРИАЛЫ НЕТК;10;3
63201;ВАТИНЫ ВС;10;3
63202;ДОРОЖКИ ПЕНЬК;10;3
63203;ИЗД КЛЕЕН КР ОД;10;3
63204;КОНЦЫ БУКСОПОДБ;10;3
63205;ЛЕНТА ИЗОЛЯЦИОН;10;3
63206;ЛЕНТА КИПЕРН;10;3
63207;МАТЕРИАЛ ОБТИР;10;3
63208;МАТРАЦЫ КР ПЕР;10;3
63209;МЕШКИ ТКАНЕВ;10;3
63210;НАБИВКИ МЕБЕЛЬН;10;3
63211;ОБРЕЗКИ ОБРЫВ;10;3
63212;ОДЕЯЛА;10;3
63213;ОСТАТКИ ПРЯД;10;3
63215;ПАЛАТКИ;10;3
63216;ПЕРИНЫ МАТРАЦЫ;10;3
63217;ПОДУШКИ;10;3
63218;ПОЯСА БРЕЗЕНТОВ;10;3
63219;ПРОКЛАДКИ РЕЗИН;10;3
63221;РЕМНИ ТКАНЕВ;10;3
63222;РУКАВА ТКАНЕВ;10;3
63223;САЛФЕТКИ ПРОРЕЗ;10;3
63224;ТАРА ТКАНЕВ ВОЗ;10;3
63225;РУКАВА БРЕЗЕНТ;10;3
63226;УГАРЫ ТЕКСТИЛЬН;10;3
63227;ФИЛЬТРЫ ХЛОПЧАТ;10;3
63228;ЧЕХЛЫ ТКАНЕВ;10;3
63229;КНОП;10;3
63301;ВАРЕЖКИ-ПЕРЧАТ;10;3
63302;ДЖЕМПЕРЫ ЖАКЕТЫ;10;3
63303;ИЗД БЕЛЬЕВ ТРИК;10;3
63304;ИЗД ПЛАТОЧ-ШАРФ;10;3
63305;ИЗД СПОРТ ТРИК;10;3
63306;ТРИКОТАЖ ПР;10;3
63307;ИЗД ТРИКОТ ДЕТ;10;3
63308;ИЗД ЧУЛОЧ-НОСОЧ;10;3
63309;КОСТЮМ ТРИКОТАЖ;10;3
63310;КОФТЫ ТРИКОТАЖ;10;3
63311;ПЛАТЬЯ ТРИКОТАЖ;10;3
63312;РЕЙТУЗЫ;10;3
63401;БАХИЛЫ КОЖ;10;3
63402;БЕЛЬЕ ПОСТЕЛЬН;10;3
63403;БЕЛЬЕ ПР;10;3
63404;БРЮКИ;10;3
63405;ГОЛОВ УБОРЫ МЕХ;10;3
63406;ГОРЖЕТЫ ВОР МЕХ;10;3
63407;ЖИЛЕТЫ ПРОРЕЗ;10;3
63408;ИЗД ШВЕЙНЫЕ ПР;10;3
63410;КОМБИНЕЗОНЫ;10;3
63411;КОСТЮМЫ КР ТРИК;10;3
63412;КУРТКИ ВАТ РАБ;10;3
63413;МЕШКИ СПАЛЬН;10;3
63415;ОДЕЖДА ПР;10;3
63416;ПАЛЬТО КР МЕХОВ;10;3
63417;ПАЛЬТО МЕХОВ;10;3
63418;ПИДЖАКИ КУРТКИ;10;3
63419;ПЛАТКИ НОСОВ;10;3
63420;ПЛАТКИ ШЕЛК ШЕР;10;3
63421;ПЛАТЬЯ КР ТРИК;10;3
63422;ПЛАЩИ;10;3
63423;ПЛЕДЫ;10;3
63424;ПОЛОТЕНЦА;10;3
63425;ПОЛУПАЛЬТО МЕХ;10;3
63427;РУКАВИЦЫ;10;3
63428;САЛФЕТКИ СТОЛОВ;10;3
63429;СКАТЕРТИ СТОЛОВ;10;3
63430;СОРОЧКИ ВЕРХН;10;3
63432;УБОРЫ ГОЛОВ ПР;10;3
63433;УБОРЫ ГОЛОВ СП;10;3
63434;ФУРАЖКИ КЕПИ;10;3
63435;ФУФАЙКИ;10;3
63436;ШАЛИ ШАРФЫ;10;3
63437;ШАПКИ;10;3
63438;ШИНЕЛИ БУШЛАТЫ;10;3
63501;ВОРСОЛИН;10;3
63502;ИЗДЕЛИЯ КОВРОВ;10;3
63503;КОВРЫ ПР;10;3
63504;КОВРЫ ШЕЛК ШЕРС;10;3
64101;АБАЖУРЫ КР СТЕК;10;3
64102;БРИТВЫ ЭЛЕКБРИТ;10;3
64103;ВЕШАЛКИ-ПЛЕЧИКИ;10;3
64104;ГАЛАНТ ТЕКСТ ПР;10;3
64105;ГАЛАНТ НЕТЕК ПР;10;3
64106;ЗАНАВЕСИ;10;3
64107;ЗОНТЫ ЗОНТИКИ;10;3
64108;ИЗД БИСЕРН;10;3
64109;ИЗД БРОНЗ ГАЛАН;10;3
64110;ИЗД ГАЛАНТ ВС;10;3
64111;ИЗД СТЕКЛЯРУС;10;3
64112;ИЗД ЯНТАРН;10;3
64113;ИЗД КАРБОЛИТ;10;3
64114;ИЗД КОСТЯН РОГ;10;3
64115;ИЗД МИШУРН;10;3
64116;ИЗД ПЕРЛАМУТР;10;3
64117;ИЗД ПОЗУМЕНТ;10;3
64118;ИЗД СЕРЕБРЯН ПР;10;3
64119;ИЗД ГАРДИН-ТЮЛ;10;3
64120;ИЗД ХРУСТАЛЬН;10;3
64121;ИЗД ХУД ВЫШИВКИ;10;3
64122;ИЗД ХУД ПРОМЫСЛ;10;3
64124;ИЗД ЮВЕЛПРОМ ПР;10;3
64125;КАМНИ ИСКУС ЮВ;10;3
64127;ЛЕЗВИЯ Д/БЕЗОП;10;3
64128;МАШИНКИ ПАРИКМ;10;3
64129;МЫЛЬНИЦЫ;10;3
64130;НЕСЕССЕРЫ;10;3
64131;ПЕРЧАТКИ КР ТР;10;3
64132;ПОЛОТНО ГАРДИН;10;3
64133;ПОРТФЕЛИ РАНЦЫ;10;3
64134;САКВОЯЖИ;10;3
64135;СТАТУЭТКИ;10;3
64136;СУМКИ;10;3
64137;ТЕРМОСЫ;10;3
64138;ТРОСТИ;10;3
64139;ТРУБКИ КУРИТ;10;3
64140;ПОЛОТНО ТЮЛЕВ;10;3
64141;ЦВЕТЫ ИСКУС;10;3
64142;ЧЕМОДАНЫ;10;3
64143;ЩЕТКИ БЫТОВ;10;3
64144;ЖАДЕИТ ЮВ-ПОДЛ;10;3
65101;ЗАМША КР ИСКУС;10;3
65102;КАРАКУЛЬ ВЫДЕЛ;10;3
65103;КОЖА ПОДОШВ;10;3
65105;КОЖИ ВЫДЕЛ ПР;10;3
65106;МЕХА ИЗД МЕХ ПР;10;3
65108;МЕХА МОРС ВЫДЕЛ;10;3
65109;МЕХА ВЫДЕЛ ПР;10;3
65111;ОВЧИНЫ ВЫДЕЛ;10;3
65113;ПЛАСТИНЫ ПОДОШВ;10;3
65115;ШКУРЫ ДОМ ВЫДЕЛ;10;3
65201;ВОРСИТ;10;3
65202;ГРАНИТОЛЬ КР Б;10;3
65204;ЗАМЕН ШОРНО-СЕД;10;3
65206;КИРЗА;10;3
65207;КОЖА ИСКУС ПР;10;3
65301;БУРДЮКИ;10;3
65302;ЗАГОТОВКИ КОЖАН;10;3
65303;ИЗД ЗАМШЕВ ПР;10;3
65304;ИЗД ВОЛОС ПЛЕТ;10;3
65305;ИЗД ЩЕТИННО-ЩЕТ;10;3
65306;ИЗД КОЖАН НОВ;10;3
65307;ИЗД ШОРНО-СЕД;10;3
65308;КИСТИ ПР;10;3
65309;КИСТИ ТЕХ;10;3
65311;ПОДОШВЫ КОЖАН;10;3
65312;ПОКРЫШКИ КОЖАН;10;3
65313;РЕМНИ КОЖАН;10;3
65315;УПРЯЖЬ;10;3
65316;ЧЕХЛЫ КОЖАН;10;3
65317;ЩЕТКИ ТЕХ;10;3
65401;ГАЛОШИ РЕЗИН Н;10;3
65402;ЗАГОТОВКИ ФЕТР;10;3
65403;КАБЛУКИ ВС;10;3
65404;ОБУВЬ ВАЛЯН;10;3
65405;ОБУВЬ КОЖАН;10;3
65406;ОБУВЬ КОМБИНИР;10;3
65407;ОБУВЬ ПР;10;3
65408;ОБУВЬ РЕЗИН ПР;10;3
65409;ОБУВЬ СИНТ ВЕРХ;10;3
66101;БУЙКИ СТЕКЛЯН;10;3
66102;БУТЫЛКИ ФАРФОР;10;3
66103;ВОРОНКИ СТЕКЛЯН;10;3
66104;ИЗД ГЛИН КЕРАМ;10;3
66105;ИЗД СТЕКЛ КВАРЦ;10;3
66106;ИЗД МАЙОЛИКОВ;10;3
66107;ИЗД СТЕКЛ ПР;10;3
66108;ИЗД ФАРФОР ПР;10;3
66109;ИЗД ФАЯНС ПР;10;3
66110;ИЗД ХРУСТАЛ ПР;10;3
66111;ИЗД Д/ЭЛТЕХ ПР;10;3
66112;ИЗОЛЯТОРЫ СТЕКЛ;10;3
66113;КОЛБЫ СТЕКЛЯН;10;3
66114;ЛАМПЫ СТЕКЛ НЕЭ;10;3
66115;ИЗД КОМП ЭЛ-ОСВ;10;3
66116;ПЛАСТИНЫ ФОТОГР;10;3
66117;ПЛАФОНЫ СТЕКЛ;10;3
66118;ПОСУДА ЛАБОРАТ;10;3
66119;ПОСУДА МЕДИЦИН;10;3
66120;ПОСУДА СТЕКЛ ПР;10;3
66121;РЕЗЕРВУАРЫ ЛАМП;10;3
66122;РЕТОРТЫ ГЛИНЯН;10;3
66123;РОЛИКИ СТЕКЛ;10;3
66124;СЕРВИЗЫ СТОЛ;10;3
66125;СИФОНЫ СТЕКЛ;10;3
66127;СТЕКЛА ЛАМПОВ;10;3
66128;ТРУБКИ СТЕКЛ;10;3
66129;УРНЫ Д/ПЕПЛ;10;3
66130;ШАРЫ СТЕКЛ;10;3
66201;БАНКИ СТЕКЛ НОВ;10;2
66202;БУТЫЛИ СТЕКЛ;10;2
66203;БУТЫЛКИ СТ 0,25;10;2
66204;БУТЫЛКИ СТ 0,5;10;2
66205;БУТЫЛКИ ИМП ВОЗ;10;2
66206;БУТЫЛКИ ПИВ 0,5;10;2
66207;ПОСУДА ВИН ВОЗ;10;2
66208;ТАРА СТЕКЛ ПР;10;2
66209;ТАРА СТ НОВ ПР;10;2
67102;АФИШИ;10;2
67103;БЛАНКИ КАНЦЕЛЯР;10;2
67105;ГРАВЮРЫ;10;2
67106;ЖУРНАЛЫ НОВ;10;2
67107;ИЗД ПОЛИГРАФ ПР;10;2
67108;КАРТИНЫ;10;2
67110;КНИГИ КОПИРОВАЛ;10;2
67115;ПЛАКАТЫ;10;2
67117;ПОСОБИЯ УЧ ПЕЧ;10;2
67118;ПРОД ПЕЧАТ ПР;10;2
67119;РИСУНКИ;10;2
67121;ЭТИКЕТКИ ПЕЧАТ;10;2
68101;АВТОМАТЫ МУЗЫК;10;3
68102;ГРАМПЛАСТИНКИ;10;3
68103;З/Ч МУЗЫК ИНСТР;10;3
68105;ИНСТРУМ МУЗЫК;10;3
68106;ИНСТРУМ КЛАВИШ;10;3
68107;ИНСТРУМ СМЫЧКОВ;10;3
68108;ИНСТРУМ ЩИПКОВ;10;3
68109;ИНСТРУМ УДАРН;10;3
68110;ИНСТРУМ ЭЛМУЗЫК;10;3
68111;ИНСТРУМ ЯЗЫЧКОВ;10;3
68112;ЧАСТИ МУЗЫК ИНС;10;3
68201;АКВАЛАНГИ;10;3
68202;БУТАФОРИЯ ПР;10;3
68203;ГАМАКИ;10;3
68204;ГАНТЕЛИ СПОРТ;10;3
68205;ДИСКИ Д/МЕТАНИЯ;10;3
68206;ИНВЕНТ СПОРТ ПР;10;3
68208;КАРУСЕЛИ;10;3
68210;КОМПЛ СПОРТ ПР;10;3
68211;КОНЬКИ;10;3
68212;КРУГИ СПАСАТЕЛ;10;3
68213;КРЮЧКИ РЫБОЛОВ;10;3
68214;ЛАСТЫ;10;3
68215;ЛЫЖИ;10;3
68216;МАЗЬ ЛЫЖ;10;3
68217;МАНЕКЕНЫ;10;3
68218;МАТЫ СПОРТИВ;10;3
68219;МЯЧИ КОЖ РЕЗИН;10;3
68220;НАСОСЫ ФУТБОЛЬН;10;3
68221;ОБОРУД ТЕАТР;10;3
68222;ПАЛКИ ЛЫЖ;10;3
68223;ПАРАШЮТЫ;10;3
68224;ПАТРОНТАШИ;10;3
68226;ПОКРЫШКИ Д/МЯЧ;10;3
68227;ПОЯСА СПАСАТ;10;3
68228;ПРИНАДЛ ОХОТ ПР;10;3
68229;ПРОТИВОГАЗЫ;10;3
68231;РАКЕТКИ ТЕННИС;10;3
68233;РУПОРЫ;10;3
68234;РЮКЗАКИ;10;3
68235;САДКИ Д/ЖИВОТ;10;3
68236;НЕВОДЫ;10;3
68237;СЕТИ ОХОТН;10;3
68238;СЕТКИ СПОРТ;10;3
68239;СНАСТИ РЫБОЛ ПР;10;3
68240;СПИННИНГИ;10;3
68241;СТЕНДЫ Д/ЭКСПОН;10;3
68242;ТУРНИКИ;10;3
68243;УДОЧКИ РЫБОЛОВ;10;3
68245;ШТАНГИ ГИМНАСТ;10;3
68301;АВТОМАТЫ ИГРОВ;10;3
68302;АВТОМОБ ДЕТ ПЕД;10;3
68303;ВЕЛОСИПЕДЫ ДЕТ;10;3
68304;ГЛОБУСЫ;10;3
68305;ДОСКИ КЛАССН;10;3
68306;ИГРУШКИ ИГРЫ;10;3
68307;КАРТЫ ИГРАЛЬН;10;3
68308;КОЛЛЕК БОТ ЗООЛ;10;3
68309;КУКЛЫ;10;3
68310;ПОСОБИЯ УЧЕБ;10;3
68311;САНКИ ДЕТ;10;3
68401;АЛЬБОМЫ;10;2
68402;ГОТОВАЛЬНИ ЧЕРТ;10;2
68403;ДОСКИ ЧЕРТЕЖ;10;2
68404;КАРАНДАШИ;10;2
68405;КНИГИ КОНТОР;10;2
68406;КНОПКИ СКРЕПКИ;10;2
68408;ПЛАСТИЛИН;10;2
68409;ПРИНАД ШК-П ПР;10;2
68410;АВТОРУЧКИ;10;2
68411;СЧЕТЫ КОНТ ШК;10;2
68412;ТЕТРАДИ УЧЕН;10;2
68413;ТУШЬ;10;2
68414;ЧЕРНИЛА;10;2
68501;ВЕНИКИ МЕТЛЫ;10;3
68502;ВЕРШИ РЫБОЛОВ;10;3
68503;ИЗД КОРЫ ПР;10;3
68504;ИЗД ЛЫКА ПР;10;3
68505;ИЗД МОЧАЛ ПР;10;3
68506;ИЗД ТРАВ;10;3
68507;КОВРЫ КАМЫШ КОК;10;3
68508;КОРЗИНКИ ЛОЗОВ;10;3
68509;КОРОБКИ ЛУБОЧ;10;3
68511;ЛЮФА;10;3
68512;МАТЫ РАСТИТ МАТ;10;3
68513;МЕБЕЛЬ ПЛЕТЕН;10;3
68514;РОГОЖИ;10;3
68515;ЦИНОВКИ;10;3
69100;ГРУЗЫ ДЛЯ ЛИЧН;10;2
69201;АВТОКАМЕРЫ СТ;10;3
69202;АВТОПОКРЫШКИ СТ;10;3
69204;ВЕЛОКАМЕРЫ СТ;10;3
69205;ВЕЛОПОКРЫШКИ СТ;10;3
69206;ВЕТОШЬ;10;3
69207;ИЗД ГУТТАПЕР СТ;10;3
69208;ИЗД КАУЧУК СТ;10;3
69209;ИЗД КОЖ СТ;10;3
69210;ИЗД РЕЗИН СТ;10;3
69212;КРОШКА РЕЗИН;10;3
69214;МАКУЛАТУРА;10;3
69216;ОБРЕЗКИ КАРТОНА;10;3
69220;ОСТ РЕЗИН ПРОИЗ;10;3
69221;ОСТ ПРЯД ПРОИЗ;10;3
69222;ОТХОДЫ ТРИКОТАЖ;10;3
69224;ПОКРЫШКИ РЕЗ СТ;10;3
69226;ПРОКЛАД КАР СТ;10;3
69227;УТИЛЬ-СЫРЬЕ ПР;10;3
69228;ВЕТОШЬ ПРОМАСЛ;10;3
69229;ОТХ ТЕКС ПРОМАС;10;3
69301;ВЕЩЕСТ РАДИОАКТ;10;3
69303;ЗЕМЛЯ ОГОРОД;10;3
69308;ПР ГРУЗЫ ПР;10;3
69309;СНАРЯЖ ЭКСПЕД;10;3
69313;ШАШКИ ТЕРМ-МУФ;10;3
69314;ВЗРЫВЧАТ МАТЕР;10;3
69315;ВАГОНЫ С ЛЮДЬМИ;10;3
69317;ОБОРУД СЪЕМ;10;3
69320;ПОЛУПРИЦЕП ПОР;11;3
69323;СБОР КОНТ ОТПР;10;3
69326;ПОЛУПРИЦЕП ГРУЖ;10;3
69327;КУЗОВ СЪЕМ ГРУЖ;10;3
69330;ПОЧТОВЫЕ ОТПРАВ;10;3
71100;УГЛЕВОДОРОДЫ;10;3
71101;АНТРАЦЕН;10;3
71102;АЦЕТИЛЕН РАСТВ;10;3
71103;БЕНЗОЛ;10;3
71105;БЕНТОЛ;10;3
71107;БУТИЛЕН;10;3
71108;ВИНИЛБЕНЗОЛ ИНГ;10;3
71109;ГЕКСЕН-1;10;3
71110;ГЕПТАН;10;3
71113;ДИПЕНТЕН;10;3
71116;ДИЦИКЛОПЕНТАД;10;3
71117;1,4-ДИЭТИЛБЕНЗ;10;3
71118;ДОДЕКАН;10;3
71119;ИЗОАМИЛЕНЫ;10;3
71120;ИЗОБУТИЛЕН;10;3
71121;ИЗООКТАН;10;3
71123;ИЗОПРЕН ИНГ;10;3
71124;ИЗОПРОПЕНИЛБЕНЗ;10;3
71125;ИЗОПРОПИЛБЕНЗОЛ;10;3
71126;КСИЛОЛ;10;3
71128;МЕТИЛБЕНЗОЛ;10;3
71129;МЕТИЛВИНИЛПИРИД;10;3
71130;2-МЕТИЛНАФТАЛИН;10;3
71131;НАФТАЛИН;10;3
71132;ПЕНТАН;10;3
71135;ПИРИДИН;10;3
71137;ПРОПИЛЕН;10;3
71141;ТЕТРАМЕР ПРОПИЛ;10;3
71142;ТРИМЕР ПРОПИЛЕН;10;3
71144;УГЛЕВОДОРОД ЛЕГ;10;3
71145;УГЛЕВОДОРОД ТЯЖ;10;3
71146;ФР С16-18,20-26;10;3
71148;ФР С-8,8-10,10;10;3
71149;ФР С12-С14;10;3
71150;ФР АЛЬФАМЕТСТИР;10;3
71152;ФР АРОМАТ ПР;10;3
71157;ТЕТРАН;10;3
71162;ФР ЭТИЛБЕНЗОЛ;10;3
71163;ФУРФУРОЛ;10;3
71165;ЦИКЛОГЕКСАН;10;3
71168;ЭТИЛБЕНЗОЛ;10;3
71202;БЕНЗИЛХЛОРИД;10;3
71208;БУТИЛ ХЛОРИСТ;10;3
71211;ВИНИЛИДЕНХЛ ИНГ;10;3
71215;ГЕКСАХЛОРЭТАН;10;3
71218;1,2-ДИБРОМЭТАН;10;3
71222;1,2-ДИХЛОРЭТАН;10;3
71225;МЕТИЛ ХЛОРИСТ;10;3
71227;МЕТИЛЕНХЛОРИД;10;3
71228;ПЕНТАХЛОРЭТАН;10;3
71229;ПЕРХЛОРЭТИЛ ТЕХ;10;3
71231;ТЕТРАБРОМЭТАН;10;3
71232;ТЕТРАФТОРМЕТАН;10;3
71237;ТЕТРАХЛОРЭТАН;10;3
71238;ТЕТРАХЛОРЭТИЛЕН;10;3
71240;ТРИХЛОРДИФЕНИЛ;10;3
71241;ХЛАДОН-113;10;3
71242;ТРИФТОРХЛОРЭТИЛ;10;3
71246;ТРИХЛОРЭТИЛЕН;10;3
71248;УГЛЕРОД ЧЕТХЛОР;10;3
71249;ХЛАДОН-11;10;3
71250;ХЛАДОН-12;10;3
71251;ХЛАДОН-612;10;3
71252;ХЛАДОНЫ ПР;10;3
71253;ХЛОРНАФТАЛИН;10;3
71254;ХЛОРОФОРМ;10;3
71260;ЭТИЛХЛОРИД;10;3
71301;ДИФЕНИЛМЕТАНД;10;3
71304;КАПРОЛАКТАМ;10;3
71305;СУРИЗОНЫ;10;3
71306;МЕТИЛТЕТРАГИДР;10;3
71309;ПОЛИИЗОЦИАНАТЫ;10;3
71310;ПРОИЗВ УГЛ ПР;10;3
71311;ТЕТРАГИДРОФУРАН;10;3
71312;ТОЛУИЛЕНДИИЗОЦ;10;3
71317;УГЛЕВОДОРОДЫ ТЕ;10;3
72101;АНТИФРИЗЫ ЭТИЛ;10;3
72102;АНТИФРИЗЫ ПР;10;3
72103;БУТАНДИОЛ-1,-2;10;3
72104;БУТАНОЛ;10;3
72105;ГЕПТАНОЛ;10;3
72106;ГЛИКОЛИ ПР;10;3
72107;ГЛИЦИДОЛ;10;3
72108;ГЛИЦЕРИН ТЕХ;10;3
72115;ДИЭТИЛГЕКСАНОЛ;10;3
72116;ДИЭТИЛЕНГЛИКОЛ;10;3
72117;БУТИЛКАРБИТОЛ;10;3
72118;ЖИДКОСТЬ ПГВ;10;3
72119;"ЖИДК ""АРКТИКА""";10;3
72122;"ЖИДКОСТЬ ""ИМ""";10;3
72126;МЕТИЛИЗОБУТИЛК;10;3
72131;ОСУШИТЕЛЬ-СЫРЕЦ;10;3
72132;ПЕНТАЭРИТРИТ;10;3
72133;ПОЛИГЛИКОЛИ;10;3
72134;ПОЛИЭТИЛЕНГ ВОД;10;3
72135;ПРОКСАНОЛ ВОДМ;10;3
72136;ПРОПИЛЕНГЛИКОЛИ;10;3
72137;ПЫЛЕПОДАВИТЕЛЬ;10;3
72138;СПИРТ АЛЛИЛОВ;10;3
72140;СПИРТ БЕНЗИЛОВ;10;3
72143;СПИРТ ДИАЦЕТОН;10;3
72145;СПИРТ ИЗОБУТИЛ;10;3
72146;СПИРТ ИЗООКТИЛ;10;3
72147;СПИРТ ИЗОПРОПИЛ;10;3
72148;СПИРТ МЕТИЛОВ;10;3
72150;СПИРТ ОКТИЛОВ;10;3
72151;СПИРТ ПОЛИВИНИЛ;10;3
72152;СПИРТ Н-ПРОПИЛ;10;3
72156;СПИРТ ФУРФУРИЛ;10;3
72157;СПИРТ ЭТИЛ ТЕХ;10;3
72158;СПИРТЫ ЖИР СИНТ;10;3
72159;СПИРТЫ ПР;10;3
72160;ТЕТРАЭТИЛЕНГЛИК;10;3
72161;ТОСОЛ А-40;10;3
72162;ТОСОЛЫ ПР;10;3
72163;ТРИЭТИЛЕНГЛИКОЛ;10;3
72167;ЭТИЛЕНГЛИКОЛЬ;10;3
72168;ЭТИЛКАРБИТОЛ;10;3
72201;АЛКИЛФЕНОЛ;10;3
72203;АГИДОЛ;10;3
72204;ДИФЕНИЛОЛПРОП;10;3
72205;КРЕОЛИН;10;3
72206;КСИЛЕНОЛ ТЕХ;10;3
72209;МАСЛО ФЕНОЛЬН П;10;3
72210;МОНОАЛКИЛФЕНОЛЫ;10;3
72216;ФЕНОЛ РАСПЛАВ;10;3
72217;ФЕНОЛОСПИРТЫ ПР;10;3
72218;ФЕНОКСИМЕТАНОЛ;10;3
72219;ФЕНОЛ РАСТВ;10;3
72221;ФЕНОЛЫ ПР;10;3
72222;ФЕНОЛЯТЫ;10;3
72301;АКРОЛЕИН ИНГ;10;3
72303;АЛЬДЕГИД КРОТОН;10;3
72304;АЛЬДЕГИД МАСЛЯН;10;3
72305;АЛЬДЕГИДЫ ПР;10;3
72306;АНГИДРИД МАЛЕИН;10;3
72308;АНГИДРИД ФТАЛЕВ;10;3
72309;АЦЕТАЛЬДЕГИД;10;3
72310;АЦЕТОН;10;3
72313;ГЛИОКСАЛЬ;10;3
72317;ИЗОФОРОН;10;3
72319;МЕТИЛИЗОБУТКЕТ;10;3
72320;N-МЕТИЛПИРРОЛИД;10;3
72321;МЕТИЛЭТИЛКЕТОН;10;3
72322;МОНОМЕРЫ ФА ФАМ;10;3
72324;ПАРАФОРМАЛЬДЕГ;10;3
72325;МОНОМЕРЫ ПР;10;3
72326;ФОРМАЛИН;10;3
72327;ФОРМАЛЬДЕГ ЛВОС;10;3
72331;ЦИКЛОГЕКСАНОН;10;3
72332;АНГИДРИДЫ ПР;10;3
72401;БЕНЗОЛСУЛЬФОКИС;10;3
72403;КАЛИЯ АЦЕТАТ;10;3
72404;ОЭДФ-1;10;3
72405;КИСЛОТА АДИПИН;10;3
72406;КИСЛОТА АКРИЛОВ;10;3
72407;КИСЛОТА ИЗОФТАЛ;10;3
72408;КИСЛОТА МАЛЕИН;10;3
72409;КИСЛОТА МЕТ ИНГ;10;3
72410;КИСЛОТА МОНОХЛ;10;3
72411;КИСЛОТА МУРАВ;10;3
72412;КИСЛОТА НАФТЕН;10;3
72413;#;10;3
72414;КИСЛ НИТРИЛОТР;10;3
72415;КИСЛОТА ОЛЕИНОВ;10;3
72416;КИСЛОТА ПРОПИОН;10;3
72417;КИСЛОТА САЛИЦИЛ;10;3
72418;КИСЛОТА СТЕАРИН;10;3
72420;КИСЛ УКСУС Б 80;10;3
72421;КИСЛ УКСУС10-80;10;3
72422;КИСЛОТА ХЛОРУКС;10;3
72423;КИСЛОТА ЩАВЕЛЕВ;10;3
72424;КИСЛОТА ЭТИЛСЕР;10;3
72425;КИСЛОТЫ ДИХЛОРК;10;3
72426;КИСЛ ЖИР СИНТ;10;3
72427;КИСЛОТЫ ОРГ ПР;10;3
72428;"КОНС ""СИЛОБЕН""";10;3
72430;МЕТИЛАТ НАТРИЯ;10;3
72431;НАТРИЯ АЦЕТАТ;10;3
72433;НАТРИЯ ФОРМИАТ;10;3
72434;СВИНЦА СТЕАРАТ;10;3
72436;СОЛИ МУРАВ ПР;10;3
72437;СОЛИ ОРГ КИС ПР;10;3
72438;АЦЕТАТЫ ПР;10;3
72502;АЦЕТАЛИ ПР;10;3
72503;АЦЕТИЛЦЕЛЛЮЛОЗА;10;3
72505;БЕНЗИЛАЦЕТАТ;10;3
72506;БУТИЛАКРИЛАТ ИН;10;3
72507;БУТИЛАЦЕТАТ;10;3
72508;БУТИЛЛАКТАТ;10;3
72509;БУТИЛМЕТАКРИЛАТ;10;3
72510;БУТИЛЦЕЛЛОЗОЛЬВ;10;3
72511;ВИНИЛАЦЕТАТ ИНГ;10;3
72512;ДИМЕТИЛСУЛЬФАТ;10;3
72513;ДИМЕТИЛСУЛЬФИТ;10;3
72514;ЖИДКОСТИ ГИДРОТ;10;3
72515;ИЗОБУТИЛАЦЕТАТ;10;3
72516;ИЗОБУТИЛМЕТАКР;10;3
72517;ИЗОПРОПИЛАЦЕТАТ;10;3
72519;КОЛЛОКСИЛИН;10;3
72520;КСАНТОГ КАЛИЯ Б;10;3
72521;ЛАПРОЛЫ;10;3
72522;МЕТИЛАКРИЛАТ ИН;10;3
72523;МЕТИЛАЦЕТАТ;10;3
72524;МЕТИЛМЕТАКРИЛАТ;10;3
72526;МЕТИЛФОРМИАТ;10;3
72527;МЕТИЛЦИКЛОГЕКС;10;3
72531;НИТРОЦ Б25 СПИР;10;3
72532;ОКТИЛАЦЕТАТ;10;3
72533;ПОЛИЭФИРЫ;10;3
72534;Н-ПРОПИЛАЦЕТАТ;10;3
72536;ЭТИЛАЦЕТАТ;10;3
72538;ЭТИЛЦЕЛЛЮЛОЗА;10;3
72541;ЭФИР БУТИЛОВЫЙ;10;3
72542;ЭФИР ВИНИЛНБУТ;10;3
72543;ЭФИР ДИМЕТИЛОВ;10;3
72544;ЭФИР Д ПЕРФТОРП;10;3
72545;ЭФИР Д ПЕРФТАД;10;3
72547;ЭФИР ДИЭТИЛОВЫЙ;10;3
72548;ЭФИР МЕТИЛОВЫЙ;10;3
72549;ЭФИР МЕТ АЦЕТУК;10;3
72550;ЭФИР МЕТИЛТРЕТБ;10;3
72551;МЕТИЛЦЕЛЛОЗОЛЬВ;10;3
72555;ЭФИР ХЛОРДИМЕТ;10;3
72556;ЭФИРЫ М С10-С18;10;3
72557;ЭФИРЫ М С7-С9;10;3
72558;ЭФИРЫ ПР;10;3
72559;ЭФИР МОНОЭТ ЭТ;10;3
72560;КСАНТОГЕНАТ КАЛ;10;3
72561;КСАНТОГЕНАТ ЖИД;10;3
72562;КСАНТОГЕНАТ ТВ;10;3
72563;ЖИДКОСТЬ ГИДРАВ;10;3
72565;ЛАУРОКС-9;10;3
72566;ОКСАНОЛЫ;10;3
72568;СИНТАНОКС;10;3
72570;АЛКИЛСУЛЬФОНАТ;10;3
72607;ОКСИД ПРОПИЛЕНА;10;3
72608;ОКСИД ЭТИЛЕНА;10;3
72611;ПЕРОКСИД ДИКУМ;10;3
72616;ПЕРОКСИДЫ ФР Ж;10;3
72617;ПЕРОКСИДЫ ПР;10;3
72618;ПОЛИЭТИЛЕНОКСИД;10;3
72619;ЭПИХЛОРГИДРИН;10;3
73101;1-(2-АМИНОЭТИЛ);10;3
73102;АКРИЛАМИД;10;3
73103;АМИНОНАФТОЛ;10;3
73104;АМ С17-С20 КУБ;10;3
73105;АМ С17-С20 ПЕРВ;10;3
73106;АМИНЫ, АМИДЫ ПР;10;3
73107;АНИЗИДИН;10;3
73108;ГЕКСАМЕТИЛЕНД В;10;3
73109;УРОТРОПИН ВОД;10;3
73110;ГЕКСАХЛОРМЕЛ ФЛ;10;3
73112;ДИИЗОПРОПИЛАМИН;10;3
73113;ДИМЕТИЛЭТАНОЛАМ;10;3
73115;ДИМЕТИЛАМИН ВОД;10;3
73116;N,N-ДИМЕТИЛАЦЕТ;10;3
73117;N,N-ДИМЕТИЛФОРМ;10;3
73118;ДИПРОКСАМИН;10;3
73120;ДИФЕНИЛАМИН;10;3
73121;ДИХЛОРАМИНЫ;10;3
73122;ДИЦИАНДИАМИД;10;3
73123;ДИЦИКЛОГЕКСИЛАМ;10;3
73124;ДИЭТАНОЛАМИН;10;3
73125;ДИЭТИЛЕНТРИАМИН;10;3
73127;ЛИЗИН,СОЛИ ЛИЗИ;10;3
73128;МЕЛАМИН;10;3
73129;МЕТИЛАМИН БВОД;10;3
73130;МЕТИЛАМИН ВОД;10;3
73131;МЕТИЛДИЭТАНОЛАМ;10;3
73132;МОНОИЗОПРОПИЛАМ;10;3
73133;МОНОХЛОРАМИН ХБ;10;3
73134;МОНОЭТАНОЛАМИН;10;3
73138;ПАДФА;10;3
73139;ПОЛИЭТИЛЕНПАМИН;10;3
73140;ПРОДУКТ С-789;10;3
73141;ПРОКСАМИН ВОДОМ;10;3
73143;ПРОПИЛАМИН;10;3
73145;ТРИМЕТИЛАМ М50;10;3
73146;ТРИЭТАНОЛАМИН;10;3
73147;ТРИЭТИЛАМИН;10;3
73149;ФЛОТАМИН;10;3
73151;ЦИКЛОГЕКСИЛАМИН;10;3
73153;ЭТИЛЕНДИАМИН;10;3
73155;ПРОДУКТ АГМ-9;10;3
73156;АМИНОКИСЛОТЫ КО;10;3
73201;АДИПОДИНИТРИЛ;10;3
73203;АЦЕТОНИТРИЛ ТЕХ;10;3
73204;ГУАНИДИНА НИТР;10;3
73205;ДИАЗОДИМЕТИЛАН;10;3
73216;НИТРОТОЛУОЛЫ;10;3
73217;АКРИЛОНИТРИЛ ИН;10;3
73220;УРОТРОПИНА НИТР;10;3
74102;ВИНИЛТРИХЛОРСИЛ;10;3
74103;ДИМЕТИЛДИХЛОРС;10;3
74114;МЕТИЛТРИХЛОРСИЛ;10;3
74119;ЭТИЛСИЛИКАТ ТЕХ;10;3
74128;ХЛОРСИЛАНЫ ПР;10;3
74135;ЖИДК КР-ОРГ ПР;10;3
74201;АЦЕТОНЦИАНГИДР;10;3
74202;БУТИРОЛАКТОН;10;3
74204;ГОМОСЕРИН А;10;3
74206;ДИМЕТИЛСУЛЬФИД;10;3
74211;ДОДЕЦИЛМЕРКАПТ;10;3
74212;ЖЕЛЕЗО КАРБОНИЛ;10;3
74213;ЖИДКОСТЬ ЭТИЛОВ;10;3
74215;КСИЛИТАН;10;3
74217;НАТРИЙ-ИХТИОЛ;10;3
74218;НАТР МЕТ-МЕТ Р;10;3
74220;НЕРОЗИН;10;3
74221;ОДОРАНТ СПМ;10;3
74222;ОКСИФОС Б;10;3
74224;ПЕНТАХЛОРФ НАТР;10;3
74227;ПРЕПАРАТ ВЗЖ;10;3
74232;СЕРОУГЛЕРОД;10;3
74235;СОЛЬ ОРТОЛУИДИН;10;3
74241;ТРИНОНИЛФЕНИЛФ;10;3
74244;ТР-(Б-ХЛОРПР)Ф;10;3
74245;ТРИХЛОРПРОПИЛФ;10;3
74249;ЭТИЛСИЛИКАТ-40;10;3
74250;ОРГАНИЧ.СОЕД.ПР;10;3
74251;НАТРИЯ ДИМЕТЛДИ;10;3
75102;АНТИСЕПТИКИ ПР;10;3
75103;АЭРОЗОЛИ ВОС ЯД;10;3
75104;ДЕЗИНФ СРЕД ПР;10;3
75105;МАССА ЛИПКАЯ;10;3
75106;ПЕСТ ЖИД Н23;10;3
75107;ПЕСТ ЖИД В23;10;3
75108;ПЕСТ ЖИД ЯД;10;3
75109;ПЕСТ ТВЕРД ЯД;10;3
75111;ПРОТРАВИТЕЛИ ПР;10;3
75112;СОЛИ ХЛОРИЗОЦ К;10;3
75113;СРЕД ДЕЗОДОР ПР;10;3
75201;ДИАЛЛИЛФТАЛАТ;10;3
75203;ДИБУТИЛФТАЛАТ;10;3
75209;ДИОКТИЛФТАЛАТ;10;3
75210;ДИЭТИЛКАРБОНАТ;10;3
75212;МОДИФИКАТ РУНП;10;3
75214;ПЕНООБРАЗ ПР;10;3
75218;ПЛАСТ ДИБУТИЛАД;10;3
75222;ПЛАСТ СБ-2А;10;3
75224;ПЛАСТ ФОСФАТ;10;3
75225;ПЛАСТ ПР;10;3
75226;"СПЛАСТ ""ДОФЕН""";10;3
75227;ТРИБУТИЛФОСФАТ;10;3
75228;ТРИКРЕЗИЛФОСФАТ;10;3
75229;ХЛОРПАРАФИН;10;3
75301;БАКТЕРИЦИД;10;3
75303;ЭМУЛЬГАТОР;10;3
75304;ВЕЩ ТЕК-ВСП ПР;10;3
75309;ДЕЭМ НЕФ ЭМУЛЬС;10;3
75312;ДЕЭМ СОД МЕН;10;3
75313;ДЕЭМ ПР;10;3
75315;ДИСПЕРГАТОР НФ;10;3
75316;ДИСПЕРГАТОРЫ ПР;10;3
75317;ДУБИТЕЛИ СИНТ;10;3
75318;ЗАКРЕПИТЕЛИ;10;3
75325;ИНГИБИТ СНПХ;10;3
75331;ИНГИБИТ ПАРАФИН;10;3
75332;ИНГИБИТ СОЛЕОТЛ;10;3
75333;ИНГИБИТ ПР;10;3
75335;ЛЕЙКАНОЛЬ;10;3
75336;ПОВЕРХ ДОБ СПД;10;3
75337;СМАЧИВАТЕЛЬ НБ;10;3
75339;СУЛЬФОНАФТ;10;3
75340;СУЛЬФОНОЛ ПАСТА;10;3
75341;ЭКСТР ДУБИЛ ЖИД;10;3
75342;ЭКСТР ДУБ РАСТ;10;3
75344;НЕОНОЛЫ;10;3
75345;МОРФОЛИН;10;3
75347;ОКСИДОЛ-ДЕЭМУЛ;10;3
75348;ПРЕПАРАТ ОС-20;10;3
75402;БЕНЗИН Д/ЛАКОКР;10;3
75403;ВУЛКАЦИТ;10;3
75404;ДИФЕНИЛГУАНИДИН;10;3
75407;ПОРОФОР П-18 ФЛ;10;3
75408;ПОРОФОР ЧХ3-57;10;3
75409;ПОРОФОР ЧХЗ-21;10;3
75410;ПОРОФОР ЧХЗ-5;10;3
75411;РАСТВ ПР;10;3
75413;РАСТВ АР;10;3
75414;РАСТВ ЛТИ;10;3
75417;РАСТВ СФПК;10;3
75420;РЕАГЕНТЫ ПР;10;3
75421;РЕАГЕНТ Д/ФЛОТ;10;3
75422;РЕАГЕНТ УГЛЕЩЕЛ;10;3
75424;СТАБИЛИЗ Д/ПОЛ;10;3
75425;СУЛЬФЕНАМИД БТ;10;3
75426;ТИУРАМЫ ТЕХ;10;3
75427;УСКОРИТЕЛИ ПР;10;3
75428;УСКОРИТ БНК-2;10;3
75431;ФРЕАГ ПР;10;3
75432;ФРЕАГ Т-66;10;3
75503;РЕАКТИВЫ ФОТОГР;10;3
75601;ПАСТА МОЮЩ;10;3
75602;ПОРОШКИ СТИР;10;3
75603;СРЕДСТ Д/ОТБЕЛ;10;3
75604;СРЕДСТ Д/ОЧИСТ;10;3
75605;СРЕДСТ МОЮЩ ЖИД;10;3
75606;СРЕДСТ МОЮЩ ПР;10;3
75607;СРЕДСТ КСШ-1;10;3
75705;АНТИОКСИД ВС-1;10;3
75707;АЭРОЗОЛИ;10;3
75708;АЭРОЗОЛИ ВОСПЛ;10;3
75709;АЭРОЗОЛИ НЕЯД;10;3
75712;ГЕПТИЛ;10;3
75715;ЖИДКОСТЬ АЗИ-3;10;3
75716;"ЖИДКОСТЬ ""НЕВА""";10;3
75717;"ЖИДК ""СТЕОЛ-М""";10;3
75723;КОМПОЗ ГПР;10;3
75724;КОМПОЗ ЖИРУЮЩ;10;3
75725;КОМПОНЕНТЫ ИЗОЦ;10;3
75732;ЛЕЦИТИН РАСТ;10;3
75737;МЕТИОНИН КОРМОВ;10;3
75740;ОТВЕРДИТ ПОЛИОК;10;3
75742;ПАСТА АЛКИЛСУЛ;10;3
75743;"ПВК ""БЕЛОРУСИТ""";10;3
75744;ПОЛИФУРИТ;10;3
75748;ПРЕПАРАТЫ ГАЛЕН;10;3
75751;ПРИСАДКА ПОЛИМ;10;3
75757;СВЕЧИ ПАРАФИНОВ;10;3
75764;ФЛЮС ЖИД БМ-1;10;3
75767;ЦИНХОНИН;10;3
75768;ПОЛИУРЫ;10;3
75769;КОМПОЗ ДН-9010;10;3
75771;ЭЛЕКТРОЛ Д/ИСТ;10;3
75772;ХИМИКАТЫ ПР;10;3
75773;РОСДОТ;10;3
75801;МАСЛА СИВУШ;10;3
75804;ОРГ ОТХОД ФТАЛ;10;3
75805;ОСТАТКИ КУБОВ;10;3
75809;ОТХОД ПЛАСТМ ПР;10;3
75811;ШЛАМ СЕРН;10;3
75812;ШЛАМЫ СЕРНОКИСЛ;10;3
75813;ЩСПК;10;3
