ipem_index;ipem_key;origin_esr;dest_esr;cargo_name;cargo_id;cargo_code;rzd_cost_loaded_per_ton;rzd_cost_empty_per_ton;rzd_cost_total_per_ton;operators_cost_per_ton;transshipment_cost_per_ton;excise_or_duty_per_ton;transport_total_cost_per_ton;production_cost_per_ton;total_cost_per_ton;market_price_per_ton;rzd_match_count
1;86490_98470;86490;98470;КОНЦЕНТР УГОЛЬН;16104;16104;2128.56;982.67;3111.23;1253.23;1292.85;;5657.31;4547.50;10204.81;10627.227;8
2;86300_7640;86300;7640;УГОЛЬ Д;16112;16112;2004.78;899.89;2904.67;1252.90;1034.28;;5191.85;3342.25;8534.10;5645.445;57
3;88760_97950;88760;97950;УГОЛЬ Д;16112;16112;2273.88;1040.26;3314.14;2255.22;;;5569.36;1426.63;6995.99;8015.67;10
4;89310_98830;89310;98830;УГ БУР НЕПОДМОС;16109;16109;1694.42;1017.19;2711.61;1217.10;;;3928.71;797.15;4725.86;3436.22;8
5;89310_85200;89310;85200;УГ БУР НЕПОДМОС;16109;16109;628.01;328.12;956.13;429.57;;;1385.70;797.15;2182.85;3436.22;2
6;86300_96770;86300;96770;УГОЛЬ Д;16112;16112;1458.89;925.00;2383.89;1212.80;;;3596.69;3561.68;7158.37;3436.22;5
7;88760_20280;88760;20280;УГОЛЬ Д;16112;16112;2108.19;958.53;3066.72;1825.65;;;4892.37;1426.63;6319.00;5645.445;10
8;87180_81760;87180;81760;УГОЛЬ К;16114;16114;1045.96;518.87;1564.83;687.25;;;2252.08;6138.59;8390.67;3436.22;1
10;88760_52520;88760;52520;УГОЛЬ Д;16112;16112;2199.91;1017.19;3217.10;1217.10;872.24;;5306.44;1426.63;6733.08;6895.2;14
11;86300_51090;86300;51090;УГОЛЬ Г;16111;16111;1576.68;865.10;2441.78;894.93;;;3336.71;4426.45;7763.16;3436.22;1
12;86300_86420;86300;86420;УГОЛЬ Д;16112;16112;156.72;9.80;166.52;393.77;;;560.29;3342.25;3902.54;3436.22;5
13;86000_97950;86000;97950;УГОЛЬ Т;16118;16118;2340.48;1077.45;3417.93;2627.73;;;6045.66;3342.25;9387.92;8015.67;6
15;86300_98930;86300;98930;УГОЛЬ Г;16111;16111;2267.25;1050.48;3317.73;2627.73;;;5945.46;3561.68;9507.14;8015.67;26
16;86480_51090;86480;51090;КОНЦЕНТР УГОЛЬН;16104;16104;1676.12;943.87;2619.99;1181.30;;;3801.29;8811.99;12613.28;6635.65;1
17;86490_30250;86490;30250;КОНЦЕНТР УГОЛЬН;16104;16104;1397.09;701.46;2098.55;929.81;;;3028.36;4547.50;7575.86;6635.65;8
18;86300_52520;86300;52520;УГОЛЬ Г;16111;16111;1973.22;894.00;2867.22;966.52;872.24;;4705.98;4426.45;9132.44;6895.2;14
19;88760_7640;88760;7640;УГОЛЬ Д;16112;16112;1786.27;822.48;2608.75;1131.95;1034.28;;4774.98;7326.90;12101.88;5645.445;27
20;89310_88780;89310;88780;УГ БУР НЕПОДМОС;16109;16109;406.35;180.72;587.07;357.97;;;945.04;797.15;1742.19;3436.22;1
21;86500_86420;86500;86420;УГОЛЬ Ж;16113;16113;192.14;23.19;215.33;393.77;;;609.10;4547.50;5156.60;3436.22;2
22;86300_53260;86300;53260;УГОЛЬ Г;16111;16111;2155.55;987.87;3143.42;1897.25;;;5040.67;4426.45;9467.12;6895.2;9
23;88900_96280;88900;96280;УГ БУР НЕПОДМОС;16109;16109;1493.46;885.22;2378.68;1073.91;;;3452.59;459.65;3912.24;3436.22;3
24;88900_95470;88900;95470;УГ БУР НЕПОДМОС;16109;16109;1497.99;841.23;2339.22;1002.32;;;3341.54;459.65;3801.19;3436.22;8
26;86300_7640;86300;7640;УГОЛЬ Г;16111;16111;1873.97;835.77;2709.74;966.52;1034.28;;4710.54;4426.45;9136.99;5645.445;49
27;86300_52520;86300;52520;УГОЛЬ Д;16112;16112;1908.39;881.85;2790.24;1414.93;872.24;;5077.42;3561.68;8639.09;6895.2;28
29;86430_88380;86430;88380;УГОЛЬ Т;16118;16118;605.62;339.60;945.22;608.55;;;1553.77;4426.45;5980.22;3436.22;3
31;86490_81760;86490;81760;КОНЦЕНТР УГОЛЬН;16104;16104;1098.95;540.54;1639.49;768.11;;;2407.60;4547.50;6955.10;6635.65;1
32;85270_7640;85270;7640;АНТРАЦИТ;16101;16101;1903.83;855.89;2759.72;1145.51;1034.28;;4939.51;6527.30;11466.81;8360.43;26
33;86430_98610;86430;98610;УГОЛЬ Т;16118;16118;2340.48;1077.45;3417.93;1576.64;1292.85;;6287.42;3342.25;9629.67;8015.67;17
34;86460_80120;86460;80120;КОНЦЕНТР УГОЛЬН;16104;16104;1081.42;536.23;1617.65;608.55;;;2226.20;4722.64;6948.84;6635.65;1
35;86220_21270;86220;21270;УГОЛЬ Д;16112;16112;1355.39;773.93;2129.32;1172.37;;;3301.69;3561.68;6863.37;3436.22;6
36;88930_92460;88930;92460;УГ БУР НЕПОДМОС;16109;16109;516.30;229.63;745.93;572.75;;;1318.68;697.92;2016.60;3436.22;2
37;94610_94700;94610;94700;УГ БУР НЕПОДМОС;16109;16109;419.65;141.96;561.61;322.17;;;883.78;6138.59;7022.37;8015.67;4
38;85270_52520;85270;52520;АНТРАЦИТ;16101;16101;1883.83;850.43;2734.26;859.13;872.24;;4465.63;6527.30;10992.93;10110.087;3
39;86410_19330;86410;19330;КОНЦЕНТР УГОЛЬН;16104;16104;1497.99;841.23;2339.22;1109.71;;;3448.93;4547.50;7996.43;6635.65;3
41;86480_81760;86480;81760;КОНЦЕНТР УГОЛЬН;16104;16104;1215.59;587.55;1803.14;680.14;;;2483.28;8811.99;11295.27;6635.65;2
42;86470_97950;86470;97950;УГОЛЬ Т;16118;16118;2584.49;1171.15;3755.64;2326.81;;;6082.45;6527.30;12609.75;8015.67;3
43;86460_98780;86460;98780;КОНЦЕНТР УГОЛЬН;16104;16104;2350.57;1068.11;3418.68;1109.71;1292.85;;5821.24;4722.64;10543.88;10627.227;4
44;88760_52530;88760;52530;УГОЛЬ Д;16112;16112;1694.42;1017.19;2711.61;1288.70;;;4000.31;1426.63;5426.94;3436.22;13
45;88760_83360;88760;83360;УГОЛЬ Д;16112;16112;833.83;452.13;1285.96;572.75;;;1858.71;1426.63;3285.34;3436.22;4
46;86490_97040;86490;97040;ПРОМПРОДУКТ УГ;16106;16106;1432.95;873.74;2306.69;1172.37;;;3479.06;4547.50;8026.56;3436.22;5
48;88850_7640;88850;7640;УГОЛЬ Г;16111;16111;2018.72;921.86;2940.58;1002.32;1034.28;;4977.18;459.65;5436.83;5645.445;10
49;86370_96710;86370;96710;КОНЦЕНТР УГОЛЬН;16104;16104;2139.61;991.51;3131.12;1038.12;1292.85;;5462.09;6373.99;11836.08;10627.227;3
50;88760_29090;88760;29090;УГОЛЬ Д;16112;16112;1528.40;854.88;2383.28;1293.65;;;3676.93;4781.46;8458.39;3436.22;11
51;86260_30250;86260;30250;УГОЛЬ К;16114;16114;1388.56;674.48;2063.04;929.81;;;2992.85;3561.68;6554.53;3436.22;3
52;86000_98470;86000;98470;АНТРАЦИТ;16101;16101;2198.12;1008.31;3206.43;1253.23;1292.85;;5752.51;3342.25;9094.76;10627.227;13
53;86460_19330;86460;19330;КОНЦЕНТР УГОЛЬН;16104;16104;1560.80;777.11;2337.91;894.93;;;3232.84;4722.64;7955.48;6635.65;2
54;86480_96780;86480;96780;АНТРАЦИТ;16101;16101;2281.72;1061.18;3342.90;1324.49;1292.85;;5960.24;4722.64;10682.88;10627.227;5
55;86390_7640;86390;7640;УГОЛЬ СС;16117;16117;1696.08;768.91;2464.99;1091.52;1034.28;;4590.79;3342.25;7933.04;5645.445;1
56;88850_52520;88850;52520;УГОЛЬ Г;16111;16111;2101.30;977.58;3078.88;1002.32;872.24;;4953.44;459.65;5413.09;6895.2;4
57;87180_7640;87180;7640;УГОЛЬ СС;16117;16117;1696.08;768.91;2464.99;1091.52;1034.28;;4590.79;6138.59;10729.38;5645.445;2
58;88760_10250;88760;10250;УГОЛЬ Д;16112;16112;1309.00;856.42;2165.42;2147.83;;;4313.25;1426.63;5739.88;3436.22;6
59;86300_52100;86300;52100;УГОЛЬ Г;16111;16111;2108.19;958.53;3066.72;1181.30;872.24;;5120.27;3342.25;8462.52;6895.2;9
61;86390_59220;86390;59220;УГОЛЬ СС;16117;16117;1412.24;714.95;2127.19;929.81;;;3057.00;3342.25;6399.26;3436.22;5
62;88760_84320;88760;84320;УГОЛЬ Д;16112;16112;529.24;299.91;829.15;646.83;;;1475.98;4781.46;6257.43;3436.22;17
63;88760_96900;88760;96900;УГОЛЬ Д;16112;16112;1420.25;886.56;2306.81;1131.95;;;3438.76;3360.87;6799.63;3436.22;6
64;88900_22790;88900;22790;УГ БУР НЕПОДМОС;16109;16109;1576.68;865.10;2441.78;859.13;;;3300.91;459.65;3760.56;3436.22;6
65;86230_26460;86230;26460;УГОЛЬ Д;16112;16112;1419.44;693.00;2112.44;1091.52;;;3203.96;3561.68;6765.64;3436.22;2
66;86230_26580;86230;26580;УГОЛЬ Д;16112;16112;1379.35;679.50;2058.85;1091.52;;;3150.37;3561.68;6712.05;3436.22;1
67;86220_83030;86220;83030;УГОЛЬ Д;16112;16112;670.17;354.83;1025.00;687.25;;;1712.25;3561.68;5273.93;3436.22;14
68;86290_52520;86290;52520;УГОЛЬ Т;16118;16118;1973.22;894.00;2867.22;966.52;872.24;;4705.98;3342.25;8048.24;6895.2;2
69;86380_59220;86380;59220;КОНЦЕНТР УГОЛЬН;16104;16104;1497.99;841.23;2339.22;1038.12;;;3377.34;6198.40;9575.74;6635.65;2
70;86480_80120;86480;80120;АНТРАЦИТ;16101;16101;1210.72;600.35;1811.07;823.33;;;2634.40;4722.64;7357.04;3175.51;2
71;85270_52100;85270;52100;АНТРАЦИТ;16101;16101;2004.78;899.89;2904.67;1145.51;872.24;;4922.42;6527.30;11449.72;10110.087;2
72;86480_20280;86480;20280;УГОЛЬ Т;16118;16118;2014.62;914.55;2929.17;1754.06;;;4683.23;8811.99;13495.21;5645.445;12
73;86470_97040;86470;97040;УГОЛЬ Т;16118;16118;1583.28;949.72;2533.00;1038.12;;;3571.12;6527.30;10098.42;3436.22;13
74;88760_98610;88760;98610;УГОЛЬ Д;16112;16112;2194.03;1023.49;3217.52;1536.21;1292.85;;6046.58;7326.90;13373.48;8015.67;26
75;86480_30250;86480;30250;КОНЦЕНТР УГОЛЬН;16104;16104;1543.96;762.45;2306.41;823.33;;;3129.74;8811.99;11941.73;6635.65;6
76;85270_7640;85270;7640;АНТРАЦИТ;16101;16101;1777.55;791.78;2569.33;930.72;1034.28;;4534.33;6527.30;11061.63;8360.43;26
77;87190_96710;87190;96710;КОНЦЕНТР УГОЛЬН;16104;16104;2281.72;1061.18;3342.90;1324.49;1292.85;;5960.24;6198.40;12158.65;10627.227;3
78;87170_87590;87170;87590;УГОЛЬ КАМЕН ПР;16120;16120;196.87;41.62;238.49;444.69;;;683.18;3561.68;4244.86;3436.22;1
79;86220_83030;86220;83030;УГОЛЬ Д;16112;16112;599.80;354.83;954.63;687.25;;;1641.88;3561.68;5203.56;3436.22;14
80;86300_25890;86300;25890;УГОЛЬ Д;16112;16112;1039.23;577.85;1617.08;929.81;;;2546.89;3561.68;6108.57;3436.22;5
81;92200_93280;92200;93280;УГ БУР НЕПОДМОС;16109;16109;362.46;150.90;513.36;357.97;;;871.33;697.92;1569.25;3436.22;2
82;86480_80120;86480;80120;АНТРАЦИТ;16101;16101;1210.72;600.35;1811.07;823.33;;;2634.40;4722.64;7357.04;3175.51;2
83;88800_94700;88800;94700;УГОЛЬ Д;16112;16112;1806.58;804.57;2611.15;491.82;;;3284.79;1426.63;4711.42;8015.67;1
85;86220_10250;86220;10250;УГОЛЬ Д;16112;16112;1189.28;728.55;1917.83;2263.89;;;4181.72;3561.68;7743.40;3436.22;15
86;88760_84320;88760;84320;УГОЛЬ Д;16112;16112;591.33;299.91;891.24;646.83;;;1538.07;4781.46;6319.52;3436.22;17
87;88760_1850;88760;1850;УГОЛЬ Д;16112;16112;2029.31;962.80;2992.11;1374.51;1034.28;;5400.90;4781.46;10182.35;5645.445;15
88;86560_7640;86560;7640;УГОЛЬ Т;16118;16118;1705.09;782.40;2487.49;1091.52;1034.28;;4613.29;3561.68;8174.97;5645.445;12
89;86300_7640;86300;7640;УГОЛЬ Г;16111;16111;1696.08;768.91;2464.99;1091.52;1034.28;;4590.79;3561.68;8152.47;5645.445;49
90;86210_98610;86210;98610;УГОЛЬ Д;16112;16112;2198.12;1008.31;3206.43;1253.23;1292.85;;5752.51;6138.59;11891.10;8015.67;5
91;86300_53310;86300;53310;УГОЛЬ Д;16112;16112;1791.48;835.29;2626.77;1091.52;872.24;;4590.53;3561.68;8152.21;6895.2;9
92;93140_98930;93140;98930;УГОЛЬ Д;16112;16112;2014.62;914.55;2929.17;1754.06;;;4683.23;1043.25;5726.48;8015.67;13
93;93140_97950;93140;97950;УГОЛЬ Д;16112;16112;2057.96;929.21;2987.17;1754.06;;;4741.23;1043.25;5784.48;8015.67;11
94;86490_52520;86490;52520;КОНЦЕНТР УГОЛЬН;16104;16104;1791.48;835.29;2626.77;1091.52;872.24;;4590.53;4547.50;9138.03;10110.087;6
95;86430_30360;86430;30360;УГОЛЬ Т;16118;16118;1476.49;719.98;2196.47;1091.52;;;3287.99;3342.25;6630.24;3436.22;1
96;87180_52520;87180;52520;УГОЛЬ СС;16117;16117;1749.56;809.37;2558.93;1091.52;872.24;;4522.69;6138.59;10661.28;6895.2;3
97;86260_59220;86260;59220;УГОЛЬ К;16114;16114;1397.09;701.46;2098.55;929.81;;;3028.36;3561.68;6590.04;3436.22;4
100;87190_7640;87190;7640;УГОЛЬ КАМЕН ПР;16120;16120;2004.78;899.89;2904.67;1181.30;1034.28;;5120.25;6198.40;11318.66;5645.445;5
101;88760_97950;88760;97950;УГОЛЬ Д;16112;16112;2423.07;1112.50;3535.57;2255.22;;;5790.79;1426.63;7217.42;8015.67;10
104;86300_83030;86300;83030;УГОЛЬ Д;16112;16112;804.25;431.69;1235.94;608.55;;;1844.49;3342.25;5186.74;3436.22;3
105;88760_52520;88760;52520;УГОЛЬ Д;16112;16112;1991.64;935.81;2927.45;1374.51;872.24;;5174.20;3360.87;8535.07;6895.2;14
106;88760_52520;88760;52520;УГОЛЬ Д;16112;16112;1866.28;873.75;2740.03;1051.09;872.24;;4663.37;7326.90;11990.27;6895.2;14
107;86230_92450;86230;92450;УГОЛЬ Д;16112;16112;1008.55;530.68;1539.23;680.14;;;2219.37;6373.99;8593.36;3436.22;4
108;86480_96780;86480;96780;АНТРАЦИТ;16101;16101;2281.72;1061.18;3342.90;1324.49;1292.85;;5960.24;4722.64;10682.88;10627.227;5
110;88760_91400;88760;91400;УГОЛЬ Д;16112;16112;1349.44;746.96;2096.40;1455.36;;;3551.76;3360.87;6912.63;3436.22;16
112;86370_30250;86370;30250;КОНЦЕНТР УГОЛЬН;16104;16104;1551.72;747.80;2299.52;823.33;;;3122.85;6373.99;9496.84;6635.65;4
113;86470_97040;86470;97040;ПРОМПРОДУКТ УГ;16106;16106;1583.28;949.72;2533.00;1038.12;;;3571.12;8811.99;12383.10;3436.22;3
116;86430_7640;86430;7640;УГОЛЬ Т;16118;16118;1823.44;841.39;2664.83;1414.93;1034.28;;5114.04;3342.25;8456.30;5645.445;9
121;86210_52810;86210;52810;УГОЛЬ Д;16112;16112;1791.48;835.29;2626.77;1091.52;872.24;;4590.53;4828.35;9418.89;6895.2;2
122;85270_52530;85270;52530;АНТРАЦИТ;16101;16101;1497.26;914.55;2411.81;1145.51;;;3557.32;6527.30;10084.62;3175.51;4
123;86430_88380;86430;88380;УГОЛЬ Т;16118;16118;545.35;312.42;857.77;687.25;;;1545.02;3342.25;4887.28;3436.22;3
124;86470_52520;86470;52520;ПРОМПРОДУКТ УГ;16106;16106;1978.96;907.92;2886.88;966.52;872.24;;4725.64;8811.99;13537.63;6895.2;1
125;86480_97950;86480;97950;КОНЦЕНТР УГОЛЬН;16104;16104;2503.78;1141.83;3645.61;2326.81;;;5972.42;8811.99;14784.41;10627.227;2
126;86350_51090;86350;51090;УГОЛЬ К;16114;16114;1511.62;929.22;2440.84;1181.30;;;3622.14;4426.45;8048.60;3436.22;1
127;86410_52520;86410;52520;КОНЦЕНТР УГОЛЬН;16104;16104;2113.70;973.20;3086.90;1252.90;872.24;;5212.04;4547.50;9759.54;10110.087;5
128;86210_1850;86210;1850;УГОЛЬ Д;16112;16112;1830.88;860.92;2691.80;1091.52;1034.28;;4817.60;4828.35;9645.95;5645.445;7
129;88760_98930;88760;98930;УГОЛЬ Д;16112;16112;2362.49;1090.51;3453.00;2183.62;;;5636.62;1426.63;7063.25;8015.67;25
131;86350_98470;86350;98470;УГОЛЬ Т;16118;16118;2584.49;1171.15;3755.64;1467.68;1292.85;;6516.17;4426.45;10942.62;8015.67;15
132;88760_98610;88760;98610;УГОЛЬ Д;16112;16112;2059.00;957.04;3016.04;1212.80;1292.85;;5521.69;7326.90;12848.59;8015.67;26
133;86350_98610;86350;98610;УГОЛЬ Т;16118;16118;2584.49;1171.15;3755.64;1467.68;1292.85;;6516.17;4426.45;10942.62;8015.67;18
134;91310_96780;91310;96780;КОНЦЕНТР УГОЛЬН;16104;16104;1025.29;499.79;1525.08;808.53;1292.85;;3626.46;2731.34;6357.80;10627.227;3
136;91610_96900;91610;96900;УГОЛЬ Д;16112;16112;734.65;407.36;1142.01;565.97;;;1707.98;2731.34;4439.32;3436.22;1
137;88760_80140;88760;80140;УГОЛЬ Д;16112;16112;1039.23;577.85;1617.08;889.39;;;2506.47;3360.87;5867.34;3436.22;2
138;87170_98610;87170;98610;УГОЛЬ КАМЕН ПР;16120;16120;2198.12;1008.31;3206.43;1253.23;1292.85;;5752.51;3561.68;9314.18;8015.67;3
139;86280_98610;86280;98610;УГОЛЬ Т;16118;16118;2198.12;1008.31;3206.43;1253.23;1292.85;;5752.51;3561.68;9314.18;8015.67;11
140;85270_7640;85270;7640;АНТРАЦИТ;16101;16101;1903.83;855.89;2759.72;1145.51;1034.28;;4939.51;6527.30;11466.81;8360.43;26
144;86300_98610;86300;98610;УГОЛЬ Г;16111;16111;2427.23;1095.99;3523.22;1109.71;1292.85;;5925.78;3342.25;9268.03;8015.67;43
145;86380_59220;86380;59220;КОНЦЕНТР УГОЛЬН;16104;16104;1560.80;777.11;2337.91;823.33;;;3161.24;6373.99;9535.23;6635.65;2
146;85270_84330;85270;84330;АНТРАЦИТ;16101;16101;538.88;217.74;756.62;393.77;;;1150.39;6527.30;7677.69;10110.087;3
148;91310_98610;91310;98610;КОНЦЕНТР УГОЛЬН;16104;16104;1129.63;518.86;1648.49;646.83;1292.85;;3588.17;2731.34;6319.50;10627.227;5
149;91310_98350;91310;98350;КОНЦЕНТР УГОЛЬН;16104;16104;1079.85;504.42;1584.27;646.83;1292.85;;3523.95;2731.34;6255.28;10627.227;7
150;86300_7640;86300;7640;УГОЛЬ Д;16112;16112;1814.43;827.89;2642.32;1414.93;1034.28;;5091.53;3561.68;8653.21;5645.445;57
152;93790_98610;93790;98610;УГОЛЬ Д;16112;16112;1595.77;714.95;2310.72;889.39;1292.85;;4492.96;4092.63;8585.59;8015.67;4
153;86300_98610;86300;98610;УГОЛЬ Г;16111;16111;2584.49;1171.15;3755.64;1396.09;1292.85;;6444.58;3342.25;9786.83;8015.67;43
156;91160_91150;91160;91150;ПРОМПРОДУКТ УГ;16106;16106;167.72;4.53;172.25;357.97;;;530.22;5595.95;6126.17;3436.22;1
157;86300_7640;86300;7640;УГОЛЬ Г;16111;16111;2004.78;899.89;2904.67;1252.90;1034.28;;5191.85;4426.45;9618.30;5645.445;49
159;86300_30750;86300;30750;УГОЛЬ Д;16112;16112;1525.04;738.60;2263.64;966.52;;;3230.16;4426.45;7656.61;3436.22;1
160;88790_1850;88790;1850;УГОЛЬ Д;16112;16112;2065.95;976.28;3042.23;1455.36;1034.28;;5531.87;3972.41;9504.28;5645.445;9
161;86300_54490;86300;54490;УГОЛЬ Г;16111;16111;2113.70;973.20;3086.90;1897.25;;;4984.15;4426.45;9410.60;6895.2;13
162;86300_53310;86300;53310;УГОЛЬ Д;16112;16112;1978.96;907.92;2886.88;966.52;872.24;;4725.64;3342.25;8067.90;6895.2;9
163;86300_98020;86300;98020;УГОЛЬ Г;16111;16111;2350.57;1068.11;3418.68;1109.71;1292.85;;5821.24;4426.45;10247.69;8015.67;22
164;86300_7640;86300;7640;УГОЛЬ Д;16112;16112;1873.97;835.77;2709.74;966.52;1034.28;;4710.54;3342.25;8052.79;5645.445;57
165;86430_30360;86430;30360;УГОЛЬ Т;16118;16118;1321.47;719.97;2041.44;1091.52;;;3132.96;3342.25;6475.21;3436.22;1
166;85270_76940;85270;76940;АНТРАЦИТ;16101;16101;1304.33;640.15;1944.48;787.54;;;2732.02;6527.30;9259.32;3175.51;9
167;86470_97040;86470;97040;УГОЛЬ Т;16118;16118;1516.51;1017.19;2533.70;1324.49;;;3858.19;6527.30;10385.49;3436.22;13
168;86230_7640;86230;7640;УГОЛЬ Д;16112;16112;1832.12;821.10;2653.22;966.52;1034.28;;4654.02;6198.40;10852.42;5645.445;21
169;88760_20280;88760;20280;УГОЛЬ Д;16112;16112;2108.19;958.53;3066.72;1825.65;;;4892.37;1426.63;6319.00;5645.445;10
170;88760_82680;88760;82680;УГОЛЬ Д;16112;16112;1167.61;586.85;1754.46;715.94;;;2470.40;1426.63;3897.03;3436.22;2
171;88760_82640;88760;82640;УГОЛЬ Д;16112;16112;1128.96;570.68;1699.64;715.94;;;2415.58;1426.63;3842.21;3436.22;1
172;86400_98570;86400;98570;УГОЛЬ Т;16118;16118;2584.49;1171.15;3755.64;1396.09;1292.85;;6444.58;4547.50;10992.08;8015.67;3
173;86480_98090;86480;98090;КОНЦЕНТР УГОЛЬН;16104;16104;2350.57;1068.11;3418.68;1109.71;1292.85;;5821.24;8811.99;14633.23;10627.227;3
174;86470_98350;86470;98350;УГОЛЬ Т;16118;16118;2350.57;1068.11;3418.68;1109.71;1292.85;;5821.24;6527.30;12348.54;8015.67;9
175;86300_30250;86300;30250;УГОЛЬ Г;16111;16111;1551.72;747.80;2299.52;823.33;;;3122.85;4426.45;7549.30;3436.22;9
176;88760_7640;88760;7640;УГОЛЬ Д;16112;16112;1908.39;881.85;2790.24;1374.51;1034.28;;5199.03;7326.90;12525.93;5645.445;27
178;88790_51520;88790;51520;УГОЛЬ Д;16112;16112;1954.39;922.32;2876.71;1374.51;872.24;;5123.46;3972.41;9095.87;6895.2;5
180;86220_52520;86220;52520;УГОЛЬ Д;16112;16112;1869.75;868.36;2738.11;1334.08;872.24;;4944.43;6138.59;11083.02;6895.2;14
182;88900_97000;88900;97000;УГ БУР НЕПОДМОС;16109;16109;1561.43;850.44;2411.87;859.13;;;3271.00;459.65;3730.65;3436.22;6
184;86480_89180;86480;89180;УГОЛЬ Т;16118;16118;743.88;385.69;1129.57;608.55;;;1738.12;8811.99;10550.11;3436.22;1
185;43860_64840;43860;64840;ПРОК ЧЕРМЕТ ПР;32411;32411;3257.64;596.62;3854.26;748.48;0.00;0.00;4602.74;38400.00;43002.74;60000;6
186;43860_80620;43860;80620;ПРОК ЧЕРМЕТ ПР;32411;32411;3662.02;732.90;4394.92;823.33;0.00;0.00;5218.25;38400.00;43618.25;60000;3
187;24360_91140;24360;91140;ТРУБЫ СТ БОЛЬШ;32307;32307;11318.82;0.00;11318.82;1272.80;0.00;0.00;12591.62;58618.00;71209.62;74200;6
189;80120_17140;80120;17140;РЕЛЬСЫ НОВ Р-65;32102;32102;4621.49;667.82;5289.31;1192.31;0.00;0.00;6481.62;59160.00;65641.62;68000;1
190;59220_89210;59220;89210;СТАЛЬ ЛИСТ ПР;32416;32416;3107.75;0.00;3107.75;484.05;0.00;0.00;3770.75;27889.28;31660.03;50500;2
191;21190_24360;21190;24360;ЧУГУН ПЕР РЯД;31106;31106;922.68;0.00;922.68;322.17;0.00;0.00;1244.85;27645.00;28889.85;29100;2
192;24360_84000;24360;84000;КОЛЕСА ВАГ НОВ;32404;32404;4844.66;0.00;4844.66;570.00;0.00;0.00;5414.66;142990.00;148404.66;181000;2
193;24360_79820;24360;79820;ТРУБЫ МЕТ ПР;32305;32305;5547.31;1013.36;6560.67;1328.14;0.00;0.00;7888.81;52535.00;60423.81;66500;4
194;24360_92710;24360;92710;ТРУБЫ СТ БОЛЬШ;32307;32307;9443.33;0.00;9443.33;1051.44;0.00;0.00;10494.77;58618.00;69112.77;74200;6
195;80120_17140;80120;17140;РЕЛЬСЫ НОВ Р-65;32102;32102;4507.54;650.31;5157.85;1195.18;0.00;0.00;6353.03;59160.00;65513.03;68000;1
197;43860_62850;43860;62850;ЗАГОТ Д/ПЕР РЯД;31403;31403;2392.85;457.24;2850.09;626.72;0.00;0.00;3476.81;24271.10;27747.91;37923.6;14
198;30250_20120;30250;20120;СТАЛЬ ЛИСТ ПР;32416;32416;1178.48;0.00;1178.48;360.67;0.00;0.00;1672.48;30175.28;31847.76;40940.25;17
199;81760_98210;81760;98210;СТАЛЬ ЛИСТ ПР;32416;32416;4681.52;1528.92;6210.44;1775.31;0.00;0.00;7985.75;34290.09;42275.85;50500;15
200;93290_88760;93290;88760;КРЕМНИЙ КРИСТАЛ;31302;31302;1190.29;0.00;1190.29;318.80;0.00;0.00;1626.95;77616.00;79242.95;100800;3
201;59220_3590;59220;3590;СТАЛЬ ЛИСТ ПР;32416;32416;1495.58;0.00;1495.58;341.68;715.79;0.00;2679.37;27889.28;30568.64;40940.25;6
202;59220_53310;59220;53310;СТАЛЬ ЛИСТ ПР;32416;32416;2775.08;514.66;3289.74;684.00;1100.00;0.00;5073.74;27889.28;32963.02;40940.25;10
203;30250_3160;30250;3160;ЗАГОТ Д/ПЕР КАЧ;31402;31402;1121.81;0.00;1121.81;308.75;0.00;0.00;1430.56;25029.58;26460.14;37923.6;3
204;81420_24360;81420;24360;ЗАГОТ СТ ПР;31405;31405;3098.16;0.00;3098.16;445.41;0.00;0.00;3543.57;29580.41;33123.98;37923.6;5
205;30250_93010;30250;93010;СТАЛЬ ЛИСТ ПР;32416;32416;3048.60;0.00;3048.60;515.24;0.00;0.00;3754.32;30175.28;33929.60;50500;4
206;30250_64840;30250;64840;СТАЛЬ ЛИСТ ПР;32416;32416;2695.69;539.99;3235.68;684.00;0.00;0.00;3919.68;30175.28;34094.96;50500;35
207;30250_25240;30250;25240;СТАЛЬ ЛИСТ ПР;32416;32416;2695.69;538.99;3234.68;684.00;0.00;0.00;3918.68;30175.28;34093.96;50500;40
208;3160_79860;3160;79860;ТРУБЫ СТ БОЛЬШ;32307;32307;9134.13;6069.63;15203.76;1577.40;0.00;0.00;16781.16;48972.00;65753.16;74200;5
209;3160_87430;3160;87430;ТРУБЫ СТ БОЛЬШ;32307;32307;9566.63;6388.37;15955.00;1484.62;0.00;0.00;17439.62;48972.00;66411.62;74200;1
210;30250_61040;30250;61040;СТАЛЬ ЛИСТ ПР;32416;32416;3174.62;591.47;3766.09;760.00;0.00;0.00;4526.09;30175.28;34701.37;50500;19
211;3160_77940;3160;77940;ТРУБЫ СТ БОЛЬШ;32307;32307;7107.94;4578.69;11686.63;1299.04;0.00;0.00;12985.67;48972.00;61957.67;74200;2
212;43860_52350;43860;52350;ЗАГОТ Д/ПЕР РЯД;31403;31403;2295.48;477.73;2773.21;589.85;0.00;0.00;3363.06;24271.10;27634.16;37923.6;4
213;21190_78140;21190;78140;ЧУГУН ПЕР РЯД;31106;31106;2114.09;509.72;2623.81;572.75;0.00;0.00;3196.56;27645.00;30841.56;29100;1
215;65430_85020;65430;85020;ПРОВОЛОКА СТ;32410;32410;1358.26;0.00;1358.26;458.67;0.00;0.00;1986.50;52200.00;54186.50;60000;8
216;43860_3160;43860;3160;ПРОК ЧЕРМЕТ ПР;32411;32411;3121.33;0.00;3121.33;486.52;0.00;0.00;3607.85;38400.00;42007.85;60000;6
217;93290_88760;93290;88760;КРЕМНИЙ КРИСТАЛ;31302;31302;2758.14;428.58;3186.72;673.13;0.00;0.00;3859.85;77616.00;81475.85;100800;3
218;59220_3590;59220;3590;СЛЯБЫ;31407;31407;3023.71;529.69;3553.40;627.30;850.00;0.00;5030.70;21661.27;26691.97;35510.28;9
220;3160_92710;3160;92710;ТРУБЫ СТ БОЛЬШ;32307;32307;12695.84;0.00;12695.84;1384.43;0.00;0.00;14080.27;48972.00;63052.27;74200;5
222;81420_80060;81420;80060;СТАЛЬ ЛИСТ ПР;32416;32416;1525.45;264.70;1790.15;598.79;0.00;0.00;2388.94;35661.70;38050.64;50500;5
223;81420_85120;81420;85120;СТАЛЬ ЛИСТ ПР;32416;32416;3542.77;0.00;3542.77;486.52;0.00;0.00;4029.29;35661.70;39690.98;50500;17
224;81420_23670;81420;23670;СТАЛЬ ЛИСТ ПР;32416;32416;3275.67;0.00;3275.67;449.09;0.00;0.00;3724.76;35661.70;39386.46;50500;6
225;59220_52540;59220;52540;СТАЛЬ ЛИСТ ПР;32416;32416;2345.32;479.96;2825.28;608.00;0.00;0.00;3433.28;27889.28;31322.56;50500;20
226;59220_51000;59220;51000;СТАЛЬ ЛИСТ ПР;32416;32416;1903.29;360.49;2263.78;608.00;0.00;0.00;2871.78;27889.28;30761.06;50500;40
227;59220_78080;59220;78080;СТАЛЬ ЛИСТ ПР;32416;32416;3597.28;637.29;4234.57;836.00;0.00;0.00;5070.57;27889.28;32959.85;50500;25
228;79540_86410;79540;86410;КРЕМНИЙ КРИСТАЛ;31302;31302;3507.56;589.48;4097.04;799.30;0.00;0.00;4896.34;77616.00;82512.34;100800;1
229;30250_61040;30250;61040;СТАЛЬ ЛИСТ ПР;32416;32416;3040.09;565.82;3605.91;760.00;0.00;0.00;4365.91;30175.28;34541.19;50500;19
230;30250_61190;30250;61190;КАТАНКА СТ;32403;32403;2994.03;557.24;3551.27;745.71;0.00;0.00;4296.98;29370.00;33666.98;44500;8
231;59220_23860;59220;23860;СТАЛЬ ЛИСТ ПР;32416;32416;1721.35;313.25;2034.60;532.00;0.00;0.00;2566.60;27889.28;30455.88;50500;4
232;59220_19100;59220;19100;СТАЛЬ ЛИСТ ПР;32416;32416;1505.11;257.64;1762.75;684.00;0.00;0.00;2446.75;27889.28;30336.03;50500;7
233;81420_17140;81420;17140;СТАЛЬ ЛИСТ ПР;32416;32416;4241.48;669.24;4910.72;1085.30;0.00;0.00;5996.02;35661.70;41657.72;40940.25;6
235;51150_79700;51150;79700;ТРУБЫ БЕСШОВ;32302;32302;5982.49;949.53;6932.02;1173.66;0.00;0.00;8105.68;69657.00;77762.68;74900;15
236;61010_79510;61010;79510;ЗАГОТОВКА ТРУБ;31406;31406;3613.58;631.51;4245.09;836.00;0.00;0.00;5081.09;41850.00;46931.09;45000;1
237;30250_84480;30250;84480;ПРОВОЛОКА СТ;32410;32410;5158.05;877.40;6035.45;1053.86;0.00;0.00;7089.31;39600.00;46689.31;60000;3
238;81420_98510;81420;98510;ЧУГУН ПЕР РЯД;31106;31106;3497.61;1375.07;4872.68;1360.29;750.00;0.00;6982.97;22857.59;29840.56;29304.6;3
239;81760_23600;81760;23600;СТАЛЬ ЛИСТ КРОВ;32415;32415;1671.27;0.00;1671.27;378.70;0.00;0.00;2189.97;34290.09;36480.06;50500;8
240;23670_91140;23670;91140;ТРУБЫ СТ БОЛЬШ;32307;32307;17392.20;0.00;17392.20;1954.46;0.00;0.00;19346.66;56392.00;75738.66;74200;2
241;80120_98210;80120;98210;ПРОК ЧЕРМЕТ ПР;32411;32411;4334.38;1397.21;5731.59;1598.24;0.00;0.00;7329.83;52200.00;59529.83;60000;7
243;30250_20120;30250;20120;СТАЛЬ ЛИСТ ПР;32416;32416;1178.48;0.00;1178.48;360.67;0.00;0.00;1672.48;30175.28;31847.76;40940.25;17
245;65430_2410;65430;2410;КАТАНКА СТ;32403;32403;4501.74;724.48;5226.22;1017.06;0.00;0.00;6243.28;38715.00;44958.28;44500;2
246;80120_19330;80120;19330;СТАЛЬ СОРТ;32418;32418;3388.74;600.35;3989.09;859.13;0.00;0.00;4848.22;43935.00;48783.22;50500;5
247;59220_3590;59220;3590;СТАЛЬ ЛИСТ ПР;32416;32416;3281.09;576.68;3857.77;760.00;850.00;0.00;5467.77;27889.28;33357.05;40940.25;6
248;81760_98210;81760;98210;СТАЛЬ ЛИСТ ПР;32416;32416;4733.66;1547.76;6281.42;1775.31;0.00;0.00;8056.73;34290.09;42346.83;50500;15
249;78170_17140;78170;17140;ТРУБЫ МЕТ ПР;32305;32305;4336.87;701.11;5037.98;1132.02;0.00;0.00;6170.00;61845.00;68015.00;66500;2
250;51150_79700;51150;79700;ТРУБЫ БЕСШОВ;32302;32302;5871.61;929.07;6800.68;1173.66;0.00;0.00;7974.34;69657.00;77631.34;74900;15
251;51150_79800;51150;79800;ТРУБЫ БЕСШОВ;32302;32302;6434.83;1000.97;7435.80;1257.49;0.00;0.00;8693.29;69657.00;78350.29;74900;12
252;78170_79800;78170;79800;ТРУБЫ МЕТ ПР;32305;32305;2659.32;550.24;3209.56;702.63;0.00;0.00;3912.19;61845.00;65757.19;66500;9
253;80120_17140;80120;17140;ПРОК ЧЕРМЕТ ПР;32411;32411;4388.19;676.66;5064.85;1126.03;0.00;0.00;6190.88;52200.00;58390.88;60000;1
254;81760_54490;81760;54490;СТАЛЬ ЛИСТ ПР;32416;32416;4895.53;742.66;5638.19;1273.59;0.00;0.00;6911.78;34290.09;41201.88;40940.25;37
255;43860_90430;43860;90430;ШАРЫ СТ ПОМОЛ;32421;32421;8010.94;0.00;8010.94;828.48;0.00;0.00;8839.42;32000.00;40839.42;50000;5
256;30250_64840;30250;64840;СТАЛЬ ЛИСТ ПР;32416;32416;1204.73;0.00;1204.73;283.38;0.00;0.00;1592.87;30175.28;31768.16;50500;35
257;80120_2410;80120;2410;КАТАНКА СТ;32403;32403;4166.10;681.24;4847.34;1013.29;0.00;0.00;5860.63;38715.00;44575.63;44500;3
259;24360_64780;24360;64780;ПРОК ЧЕРМЕТ ПР;32411;32411;982.95;0.00;982.95;249.69;0.00;0.00;1324.95;47400.00;48724.95;60000;13
260;81420_23670;81420;23670;СТАЛЬ ЛИСТ ПР;32416;32416;3416.59;0.00;3416.59;449.09;0.00;0.00;3865.68;35661.70;39527.38;50500;6
261;59220_53310;59220;53310;СЛЯБЫ;31407;31407;2652.29;491.82;3144.11;548.89;1100.00;0.00;4793.00;21661.27;26454.27;35510.28;9
262;51150_54490;51150;54490;ТРУБЫ ВОДГАЗ ПР;32304;32304;2763.31;547.13;3310.44;712.58;0.00;0.00;4023.02;48546.00;52569.02;52200;6
263;59220_98610;59220;98610;СТАЛЬ ЛИСТ ТРАН;32417;32417;4825.54;0.00;4825.54;825.74;842.11;0.00;6798.65;27889.28;34687.93;40940.25;1
264;30250_3160;30250;3160;ЗАГОТ Д/ПЕР КАЧ;31402;31402;1280.19;0.00;1280.19;385.94;0.00;0.00;1666.13;25029.58;26695.70;37923.6;3
265;59220_24360;59220;24360;ЗАГОТ Д/ПЕР КАЧ;31402;31402;1504.69;0.00;1504.69;323.93;0.00;0.00;1828.62;23133.40;24962.02;37923.6;5
266;80060_95630;80060;95630;ТРУБЫ СТ БОЛЬШ;32307;32307;10849.71;0.00;10849.71;1201.76;0.00;0.00;12051.47;69006.00;81057.47;74200;3
267;61010_92710;61010;92710;ТРУБЫ БЕСШОВ;32302;32302;8743.83;0.00;8743.83;915.13;0.00;0.00;9658.96;69657.00;79315.96;74900;3
268;80120_65430;80120;65430;ЗАГОТ Д/ПЕР КАЧ;31402;31402;1336.64;0.00;1336.64;374.24;0.00;0.00;1710.88;32993.53;34704.41;37923.6;6
269;80120_43840;80120;43840;РЕЛЬСЫ НОВ Р-65;32102;32102;4015.09;641.08;4656.17;846.15;0.00;0.00;5502.32;59160.00;64662.32;68000;2
271;81760_63730;81760;63730;СТАЛЬ ЛИСТ ПР;32416;32416;1030.30;0.00;1030.30;297.55;0.00;0.00;1437.85;34290.09;35727.94;50500;11
272;78130_93710;78130;93710;ТРУБЫ МЕТ ПР;32305;32305;6887.17;0.00;6887.17;843.18;0.00;0.00;7730.35;61845.00;69575.35;66500;2
273;93290_3560;93290;3560;КРЕМНИЙ КРИСТАЛ;31302;31302;3034.43;0.00;3034.43;608.63;728.57;0.00;4596.63;77616.00;82212.63;100800;1
276;78030_52100;78030;52100;СТАЛЬ ЛИСТ ТРАН;32417;32417;1985.82;0.00;1985.82;368.86;736.36;0.00;3227.41;27889.28;31116.69;40940.25;21
277;92450_98020;92450;98020;ФЕРРОСИЛ 30-90;31307;31307;2742.36;0.00;2742.36;560.67;872.73;0.00;4383.04;87696.00;92079.04;100800;8
278;81760_85120;81760;85120;СТАЛЬ ЛИСТ ПР;32416;32416;3378.03;0.00;3378.03;463.13;0.00;0.00;3841.16;34290.09;38131.25;50500;19
279;59220_78000;59220;78000;СТАЛЬ ЛИСТ ПР;32416;32416;3450.45;610.27;4060.72;836.00;0.00;0.00;4896.72;27889.28;32786.00;50500;21
280;43860_52100;43860;52100;ЗАГОТ Д/ПЕР РЯД;31403;31403;2345.99;447.35;2793.34;516.12;1100.00;0.00;4409.46;24271.10;28680.56;37923.6;10
281;81420_52090;81420;52090;ЧУГУН ПЕР РЯД;31106;31106;2656.52;587.55;3244.07;644.35;0.00;0.00;3888.42;22698.00;26586.42;29100;2
282;30250_64840;30250;64840;СТАЛЬ ЛИСТ ПР;32416;32416;1204.73;0.00;1204.73;283.38;0.00;0.00;1592.87;30175.28;31768.16;50500;35
283;24360_81650;24360;81650;ТРУБЫ СТ БОЛЬШ;32307;32307;5321.69;3005.42;8327.11;1055.91;;0.00;9383.02;58618.00;68001.02;74200;1
284;79510_20120;79510;20120;ТРУБЫ МЕТ ПР;32305;32305;4733.81;759.43;5493.24;1298.51;0.00;0.00;6791.75;61845.00;68636.75;66500;2
285;21190_98020;21190;98020;ЧУГУН ПЕР РЯД;31106;31106;3830.28;1570.10;5400.38;1503.48;750.00;0.00;7653.86;27645.00;35298.86;29304.6;2
286;81420_81650;81420;81650;СТАЛЬ ЛИСТ ПР;32416;32416;1266.97;173.83;1440.80;336.82;0.00;0.00;1777.62;35661.70;37439.32;40940.25;14
287;81420_52100;81420;52100;ЧУГУН ПЕР РЯД;31106;31106;3106.35;634.17;3740.52;644.35;1100.00;0.00;5484.87;22857.59;28342.46;29304.6;13
289;59220_93260;59220;93260;СТАЛЬ ЛИСТ ПР;32416;32416;7802.32;0.00;7802.32;722.00;0.00;0.00;8524.32;27889.28;36413.60;50500;2
290;21190_52100;21190;52100;ЧУГУН ПЕР РЯД;31106;31106;2013.32;471.06;2484.38;501.16;1100.00;0.00;4085.54;27645.00;31730.54;29304.6;4
291;59220_23860;59220;23860;СТАЛЬ ЛИСТ ПР;32416;32416;1573.45;288.41;1861.86;532.00;0.00;0.00;2393.86;27889.28;30283.14;50500;4
292;59220_23060;59220;23060;СТАЛЬ ЛИСТ ПР;32416;32416;1357.20;232.83;1590.03;608.00;0.00;0.00;2198.03;27889.28;30087.31;50500;13
293;59220_3590;59220;3590;СТАЛЬ ЛИСТ ПР;32416;32416;3140.11;551.35;3691.46;760.00;850.00;0.00;5301.46;27889.28;33190.74;40940.25;6
294;81760_23860;81760;23860;СТАЛЬ ЛИСТ ПР;32416;32416;3776.45;660.24;4436.69;849.06;0.00;0.00;5285.75;34290.09;39575.85;50500;11
295;81760_23540;81760;23540;СТАЛЬ ЛИСТ КРОВ;32415;32415;3776.45;660.24;4436.69;926.25;0.00;0.00;5362.94;34290.09;39653.03;50500;11
296;80060_1840;80060;1840;ТРУБЫ СТ БОЛЬШ;32307;32307;7818.62;5108.44;12927.06;1229.59;0.00;0.00;14156.65;69006.00;83162.65;74200;2
297;61010_1840;61010;1840;ТРУБЫ БЕСШОВ;32302;32302;5471.87;921.41;6393.28;1189.67;0.00;0.00;7582.95;69657.00;77239.95;74900;3
298;30250_17200;30250;17200;СТАЛЬ ЛИСТ ПР;32416;32416;2803.78;1441.51;4245.29;732.76;;0.00;4978.05;30175.28;35153.33;40940.25;8
299;59220_31620;59220;31620;СТАЛЬ ЛИСТ ПР;32416;32416;935.37;0.00;935.37;284.74;0.00;0.00;1325.37;27889.28;29214.64;50500;1
300;23670_91140;23670;91140;ТРУБЫ СТ БОЛЬШ;32307;32307;17187.57;0.00;17187.57;1954.46;0.00;0.00;19142.03;56392.00;75534.03;74200;2
301;81760_54490;81760;54490;СТАЛЬ ЛИСТ ПР;32416;32416;2070.73;0.00;2070.73;622.15;0.00;0.00;2922.88;34290.09;37212.98;40940.25;37
302;30250_17140;30250;17140;СТАЛЬ ЛИСТ ПР;32416;32416;2602.74;496.63;3099.37;646.00;0.00;0.00;3745.37;30175.28;33920.65;40940.25;68
303;3160_23670;3160;23670;СТАЛЬ ЛИСТ ПР;32416;32416;2525.77;1364.39;3890.16;789.47;0.00;0.00;4679.63;30175.28;34854.92;50500;4
304;30250_22970;30250;22970;СТАЛЬ ЛИСТ ПР;32416;32416;1897.40;948.05;2845.45;645.16;0.00;0.00;3490.61;30175.28;33665.89;50500;6
305;81760_17140;81760;17140;СТАЛЬ ЛИСТ ПР;32416;32416;4497.86;702.58;5200.44;1119.22;0.00;0.00;6319.66;34290.09;40609.75;40940.25;7
306;43860_20540;43860;20540;ШАРЫ СТ ПОМОЛ;32421;32421;401.79;0.00;401.79;304.31;0.00;0.00;818.60;32000.00;32818.60;50000;5
307;81760_17140;81760;17140;СТАЛЬ ЛИСТ ПР;32416;32416;1903.50;0.00;1903.50;378.70;0.00;0.00;2422.20;34290.09;36712.29;40940.25;7
309;81420_52100;81420;52100;ЧУГУН ПЕР РЯД;31106;31106;2822.91;587.55;3410.46;644.35;1100.00;0.00;5154.81;22857.59;28012.40;29304.6;13
310;43860_30250;43860;30250;ПРОК ЧЕРМЕТ ПР;32411;32411;2596.21;0.00;2596.21;411.67;0.00;0.00;3007.88;38400.00;41407.88;60000;2
311;81760_85120;81760;85120;СТАЛЬ ЛИСТ ПР;32416;32416;3523.36;0.00;3523.36;463.13;0.00;0.00;3986.49;34290.09;38276.58;50500;19
312;81760_51150;81760;51150;СТАЛЬ ЛИСТ ПР;32416;32416;4164.67;702.58;4867.25;926.25;0.00;0.00;5793.50;34290.09;40083.59;50500;19
313;81760_51000;81760;51000;СТАЛЬ ЛИСТ ПР;32416;32416;4050.03;690.16;4740.19;849.06;0.00;0.00;5589.25;34290.09;39879.35;50500;39
314;78170_28830;78170;28830;ТРУБЫ МЕТ ПР;32305;32305;3745.24;670.71;4415.95;858.77;0.00;0.00;5274.72;61845.00;67119.72;66500;9
315;78170_19980;78170;19980;ТРУБЫ МЕТ ПР;32305;32305;3333.25;625.04;3958.29;858.77;0.00;0.00;4817.06;61845.00;66662.06;66500;2
316;78170_19220;78170;19220;ТРУБЫ МЕТ ПР;32305;32305;3199.65;610.25;3809.90;780.70;0.00;0.00;4590.60;61845.00;66435.60;66500;2
317;21190_52100;21190;52100;ЧУГУН ПЕР РЯД;31106;31106;2174.96;506.82;2681.78;644.35;1100.00;0.00;4426.13;27645.00;32071.13;29304.6;4
318;24360_4750;24360;4750;КОЛЕСА ВАГ НОВ;32404;32404;2345.32;479.96;2825.28;608.00;0.00;0.00;3433.28;142990.00;146423.28;181000;2
319;43860_98070;43860;98070;ШАРЫ СТ ПОМОЛ;32421;32421;3780.96;0.00;3780.96;1014.38;0.00;0.00;5170.34;32000.00;37170.34;50000;2
320;24360_54490;24360;54490;ТРУБЫ СТ БОЛЬШ;32307;32307;6573.72;3658.78;10232.50;1239.54;;0.00;11472.04;58618.00;70090.04;74200;1
321;59220_52100;59220;52100;СТАЛЬ ЛИСТ ПР;32416;32416;1232.74;0.00;1232.74;284.74;852.63;0.00;2475.37;27889.28;30364.64;40940.25;34
322;80120_54490;80120;54490;ЗАГОТ СТ ПР;31405;31405;5009.21;746.44;5755.65;1309.85;0.00;0.00;7065.50;32993.53;40059.03;37923.6;4
323;81760_23860;81760;23860;СТАЛЬ ЛИСТ ПР;32416;32416;3670.05;641.37;4311.42;849.06;0.00;0.00;5160.48;34290.09;39450.58;50500;11
324;79510_81200;79510;81200;ТРУБЫ МЕТ ПР;32305;32305;2403.27;504.87;2908.14;669.83;0.00;0.00;3577.97;61845.00;65422.97;66500;7
325;59220_52100;59220;52100;СТАЛЬ ЛИСТ ПР;32416;32416;2691.66;517.76;3209.42;608.00;1100.00;0.00;4917.42;27889.28;32806.70;40940.25;34
326;59220_78000;59220;78000;СТАЛЬ ЛИСТ ПР;32416;32416;1759.23;0.00;1759.23;370.16;0.00;0.00;2266.23;27889.28;30155.50;50500;21
327;51150_61840;51150;61840;ЗАГОТОВКА ТРУБ;31406;31406;2396.68;454.63;2851.31;646.00;0.00;0.00;3497.31;41850.00;45347.31;45000;22
328;30250_90430;30250;90430;ШАРЫ СТ ПОМОЛ;32421;32421;7882.07;0.00;7882.07;803.21;0.00;0.00;8685.28;33000.00;41685.28;50000;6
329;30250_62510;30250;62510;ЧУГУН ПЕР РЯД;31106;31106;2060.31;504.54;2564.85;508.53;0.00;0.00;3073.38;19206.00;22279.38;29100;2
330;24360_79840;24360;79840;ТРУБЫ МЕТ ПР;32305;32305;5818.96;1056.22;6875.18;1438.82;0.00;0.00;8314.00;52535.00;60849.00;66500;1
331;24360_79860;24360;79860;ТРУБЫ СТ БОЛЬШ;32307;32307;7620.11;4955.09;12575.20;1285.45;0.00;0.00;13860.65;58618.00;72478.65;74200;8
332;43860_17140;43860;17140;ПРОК ЧЕРМЕТ ПР;32411;32411;1964.87;344.59;2309.46;486.52;0.00;0.00;2795.98;38400.00;41195.98;60000;7
333;80120_86250;80120;86250;ЗАГОТ Д/ПЕР КАЧ;31402;31402;3257.64;0.00;3257.64;449.09;0.00;0.00;3706.73;32993.53;36700.26;37923.6;4
334;80120_65430;80120;65430;ЗАГОТ Д/ПЕР КАЧ;31402;31402;1482.30;0.00;1482.30;374.24;0.00;0.00;1856.54;32993.53;34850.07;37923.6;6
335;80120_52350;80120;52350;ЗАГОТ Д/ПЕР КАЧ;31402;31402;4395.53;720.15;5115.68;973.03;0.00;0.00;6088.71;32993.53;39082.24;37923.6;5
336;43860_52350;43860;52350;ЗАГОТ Д/ПЕР РЯД;31403;31403;2111.87;440.89;2552.76;516.12;0.00;0.00;3068.88;24271.10;27339.98;37923.6;4
337;21190_17140;21190;17140;ЧУГУН ПЕР РЯД;31106;31106;1228.00;271.70;1499.70;465.36;0.00;0.00;1965.06;27645.00;29610.06;29304.6;1
339;95530_10310;95530;10310;ЗЕРНО БОБОВ;1802;1802;2830.90;1812.34;4643.24;3785.71;;3173.99;11602.94;38000.00;49602.94;43453.57;14
342;59540_10310;59540;10310;ЗЕРНО БОБОВ;1802;1802;539.09;304.07;843.16;946.43;;3204.12;4993.70;38000.00;42993.70;43453.57;4
343;95530_59540;95530;59540;ЗЕРНО БОБОВ;1802;1802;3169.93;2026.90;5196.83;1892.86;;;7089.69;38000.00;45089.69;43453.57;12
344;53730_17140;53730;17140;СЕМЕНА МАСЛ ПР;2108;2108;1897.63;1051.00;2948.63;1097.86;;;4046.49;30000.00;34046.49;36462.26;3
347;64620_52100;64620;52100;ПШЕНИЦА;1100;1100;1587.40;865.50;2452.90;681.43;1637.61;1921.60;6693.54;15000.00;21693.54;22000;15
351;60720_52100;60720;52100;ПШЕНИЦА;1100;1100;1467.47;779.03;2246.50;757.14;1637.61;1921.60;6562.85;15000.00;21562.85;22000;15
353;60110_52100;60110;52100;ПШЕНИЦА;1100;1100;1203.17;624.60;1827.77;605.71;1637.61;1921.60;5992.69;15000.00;20992.69;22000;3
354;92450_3620;92450;3620;АЛЮМИНИЙ СПЛАВ;33101;33101;3700.57;1335.31;5035.88;955.01;1300.00;0.00;7290.89;170225.25;177516.14;205390.77;19
355;88760_98090;88760;98090;АЛЮМИНИЙ СПЛАВ;33101;33101;3708.60;0.00;3708.60;973.80;1300.00;0.00;6342.40;170225.25;176567.65;205390.77;4
356;89210_94700;89210;94700;АЛЮМИНИЙ СПЛАВ;33101;33101;1676.54;0.00;1676.54;637.61;0.00;0.00;2549.86;170225.25;172775.11;205390.77;4
357;88760_52780;88760;52780;АЛЮМИНИЙ СПЛАВ;33101;33101;4181.76;1472.12;5653.88;1053.79;1300.00;0.00;8007.67;170225.25;178232.92;205390.77;18
359;92450_3620;92450;3620;АЛЮМИНИЙ СПЛАВ;33101;33101;4340.82;1507.22;5848.04;1162.63;1300.00;0.00;8310.67;170225.25;178535.92;205390.77;19
360;89010_52780;89010;52780;АЛЮМИНИЙ СПЛАВ;33101;33101;4888.77;708.36;5597.13;1235.00;1300.00;0.00;8132.13;170225.25;178357.38;205390.77;16
361;88760_98720;88760;98720;АЛЮМИНИЙ СПЛАВ;33101;33101;4222.98;1631.29;5854.27;1138.09;1300.00;0.00;8292.36;170225.25;178517.61;205390.77;6
362;92030_98720;92030;98720;АЛЮМИНИЙ СПЛАВ;33101;33101;4053.06;1358.17;5411.23;1053.79;1300.00;0.00;7765.02;170225.25;177990.27;205390.77;6
364;92450_3620;92450;3620;АЛЮМИНИЙ СПЛАВ;33101;33101;4028.12;1438.46;5466.58;1162.63;1300.00;0.00;7929.21;170225.25;178154.46;205390.77;19
365;93290_3590;93290;3590;АЛЮМИНИЙ СПЛАВ;33101;33101;4663.09;0.00;4663.09;729.17;1300.00;0.00;6961.83;170225.25;177187.08;205390.77;8
366;89010_63800;89010;63800;АЛЮМИНИЙ СПЛАВ;33101;33101;4019.04;509.77;4528.81;799.12;0.00;0.00;5327.93;170225.25;175553.18;205390.77;17
367;92450_79540;92450;79540;АЛЮМИНИЙ СПЛАВ;33101;33101;4331.52;534.19;4865.71;823.33;0.00;0.00;5689.04;170225.25;175914.29;205390.77;3
368;1540_30250;1540;30250;КОНЦЕНТРАТ ЖЛРУ;14109;14109;954.14;519.40;1473.54;644.35;0.00;0.00;2117.89;2825.58;4943.46;7750;2
369;77300_52100;77300;52100;ОКАТЫШИ Ж/РУД;14111;14111;1313.04;599.83;1912.87;715.94;1100.00;0.00;3728.81;3939.98;7668.79;7153.77;6
370;2780_30250;2780;30250;ОКАТЫШИ Ж/РУД;14111;14111;741.45;371.10;1112.55;501.16;0.00;0.00;1613.71;2758.08;4371.79;8000;6
371;43840_96010;43840;96010;БРИКЕТЫ ЖЕЛЕЗ;14103;14103;2139.32;1458.65;3597.97;1431.88;0.00;0.00;5029.85;3219.20;8249.05;7153.77;2
372;91370_80120;91370;80120;АГЛОРУДА;14113;14113;1720.96;1043.69;2764.65;1503.48;0.00;0.00;4268.13;1147.50;5415.63;7650;9
373;43840_91310;43840;91310;КОНЦЕНТРАТ ЖЛРУ;14109;14109;2061.74;1359.48;3421.22;1575.07;0.00;0.00;4996.29;3487.50;8483.79;7750;3
374;1640_2140;1640;2140;ШТЕЙН НИКЕЛЕВ;15165;15165;1092.92;0.00;1092.92;473.38;0.00;0.00;1741.30;548168.40;549909.70;1034280;2
376;43840_54490;43840;54490;БРИКЕТЫ ЖЕЛЕЗ;14103;14103;1118.90;561.81;1680.71;894.93;0.00;0.00;2575.64;3219.20;5794.83;7153.77;1
377;1810_98610;1810;98610;КОНЦЕНТР НИКЕЛ;15119;15119;4079.29;0.00;4079.29;937.73;1066.67;0.00;6430.36;548168.40;554598.76;1034280;6
379;79540_85030;79540;85030;РУДА АЛЮМИН ПР;15133;15133;927.45;524.91;1452.36;644.35;0.00;0.00;2096.71;35174.14;37270.85;45680.7;1
380;1540_30250;1540;30250;КОНЦЕНТРАТ ЖЛРУ;14109;14109;887.14;483.63;1370.77;501.16;0.00;0.00;1871.93;2825.58;4697.51;7750;2
381;77300_30260;77300;30260;ОКАТЫШИ Ж/РУД;14111;14111;954.14;519.40;1473.54;715.94;0.00;0.00;2189.48;3939.98;6129.46;8000;1
382;1810_3560;1810;3560;КОНЦЕНТР НИКЕЛ;15119;15119;1043.69;0.00;1043.69;360.67;906.67;0.00;2444.36;548168.40;550612.76;1034280;6
384;43840_52100;43840;52100;БРИКЕТЫ ЖЕЛЕЗ;14103;14103;832.06;434.39;1266.45;501.16;1100.00;0.00;2867.61;3219.20;6086.81;7153.77;9
385;77300_52100;77300;52100;ОКАТЫШИ Ж/РУД;14111;14111;1399.99;706.44;2106.43;1002.32;1100.00;0.00;4208.75;3939.98;8148.73;7153.77;6
386;43840_59230;43840;59230;КОНЦЕНТРАТ ЖЛРУ;14109;14109;333.64;105.04;438.68;357.97;0.00;0.00;796.65;2635.00;3431.65;7750;2
387;2780_93150;2780;93150;ОКАТЫШИ Ж/РУД;14111;14111;1839.83;1153.66;2993.49;1431.88;0.00;0.00;4425.37;2758.08;7183.45;8000;6
388;79540_92030;79540;92030;ГЛИНОЗЕМ;15106;15106;1919.80;671.36;2591.16;859.13;0.00;0.00;3450.29;35174.14;38624.43;45680.7;5
389;92570_80120;92570;80120;КОНЦЕНТРАТ ЖЛРУ;14109;14109;1265.07;689.15;1954.22;715.94;0.00;0.00;2670.16;5580.00;8250.16;7750;6
390;43840_91720;43840;91720;КОНЦЕНТРАТ ЖЛРУ;14109;14109;2188.52;1476.78;3665.30;1718.26;0.00;0.00;5383.56;3487.50;8871.06;7750;2
391;79540_93290;79540;93290;ГЛИНОЗЕМ;15106;15106;1961.74;718.46;2680.20;787.54;0.00;0.00;3467.74;35174.14;38641.88;45680.7;2
392;20540_1840;20540;1840;ОКАТЫШИ Ж/РУД;14111;14111;1142.07;614.26;1756.33;644.35;0.00;0.00;2400.68;3030.75;5431.43;8000;2
394;1810_98610;1810;98610;КОНЦЕНТР НИКЕЛ;15119;15119;4309.99;0.00;4309.99;1154.13;1066.67;0.00;6957.46;548168.40;555125.86;1034280;6
395;43540_30250;43540;30250;АГЛОРУДА;14113;14113;876.32;484.82;1361.14;644.35;0.00;0.00;2005.49;2000.00;4005.49;7650;3
396;1540_1850;1540;1850;КОНЦЕНТРАТ ЖЛРУ;14109;14109;423.77;140.66;564.43;357.97;500.00;0.00;1422.40;2825.58;4247.98;6033.3;4
397;81410_78140;81410;78140;КОНЦЕНТР МЕДН;15116;15116;1728.90;361.29;2090.19;572.75;0.00;0.00;2662.94;276381.70;279044.64;389270;2
398;20540_94700;20540;94700;ОКАТЫШИ Ж/РУД;14111;14111;3243.55;1300.83;4544.38;1575.07;0.00;0.00;6119.45;3030.75;9150.21;7153.77;3
399;90430_77090;90430;77090;КОНЦЕНТР МЕДН;15116;15116;4809.88;941.06;5750.94;1145.51;0.00;0.00;6896.45;330879.50;337775.95;389270;1
400;92620_92570;92620;92570;РУДА ЖЕЛЕЗ ПР;14116;14116;279.58;61.75;341.33;500.00;0.00;0.00;841.33;6081.57;6922.90;8446.62;2
402;77300_86420;77300;86420;ОКАТЫШИ Ж/РУД;14111;14111;1150.00;622.65;1772.65;787.54;0.00;0.00;2560.19;3939.98;6500.17;8000;3
403;43800_21190;43800;21190;КОНЦЕНТРАТ ЖЛРУ;14109;14109;427.00;162.03;589.03;357.97;0.00;0.00;947.00;3410.00;4357.00;7750;4
404;1540_81750;1540;81750;КОНЦЕНТРАТ ЖЛРУ;14109;14109;1278.97;703.80;1982.77;715.94;0.00;0.00;2698.71;2825.58;5524.29;7750;7
406;79540_19300;79540;19300;РУДА АЛЮМИН ПР;15133;15133;1095.22;586.85;1682.07;787.54;0.00;0.00;2469.61;35174.14;37643.75;45680.7;1
407;20530_62850;20530;62850;РУДА ЖЕЛЕЗ ДОМ;14114;14114;954.30;494.02;1448.32;680.14;0.00;0.00;2128.46;3378.65;5507.11;8446.62;6
408;1540_1850;1540;1850;КОНЦЕНТРАТ ЖЛРУ;14109;14109;483.59;160.53;644.12;501.16;500.00;0.00;1645.28;2825.58;4470.86;6033.3;4
409;28520_79540;28520;79540;БОКСИТЫ;15103;15103;945.87;509.72;1455.59;572.75;0.00;0.00;2028.34;35174.14;37202.48;45680.7;4
410;20530_21190;20530;21190;РУДА ЖЕЛЕЗ ДОМ;14114;14114;409.57;137.66;547.23;429.57;0.00;0.00;976.80;3378.65;4355.44;8446.62;1
411;43840_20120;43840;20120;БРИКЕТЫ ЖЕЛЕЗ;14103;14103;664.55;271.70;936.25;465.36;0.00;0.00;1401.61;3219.20;4620.81;7153.77;4
412;77540_1490;77540;1490;ГЛИНОЗЕМ;15106;15106;1961.93;696.49;2658.42;930.72;0.00;0.00;3589.14;35174.14;38763.28;45680.7;1
413;20540_7640;20540;7640;ОКАТЫШИ Ж/РУД;14111;14111;982.46;497.24;1479.70;501.16;850.00;0.00;2830.86;3030.75;5861.61;7153.77;12
414;80140_81360;80140;81360;КЛИНКЕР ЦВЕТМЕТ;15107;15107;1399.04;271.70;1670.74;501.16;0.00;0.00;2171.90;586781.52;588953.42;792948.00;1
415;88380_92450;88380;92450;РУДА АЛЮМИН ПР;15133;15133;784.95;437.35;1222.30;693.33;0.00;0.00;1915.63;35174.14;37089.77;45680.7;1
416;78570_80570;78570;80570;РУДА МЕДН;15139;15139;1016.26;180.73;1196.99;357.97;0.00;0.00;1554.96;555063.60;556618.56;792948.00;2
417;20530_86420;20530;86420;КОНЦЕНТРАТ ЖЛРУ;14109;14109;1446.22;821.10;2267.32;859.13;0.00;0.00;3126.45;3100.00;6226.45;7750;5
418;1540_81750;1540;81750;КОНЦЕНТРАТ ЖЛРУ;14109;14109;1357.03;750.43;2107.46;930.72;0.00;0.00;3038.18;2825.58;5863.76;7750;7
419;94470_94700;94470;94700;КОНЦЕНТРАТ ЖЛРУ;14109;14109;222.32;46.29;268.61;250.58;0.00;0.00;519.19;1568.66;2087.85;6033.3;4
420;43840_94700;43840;94700;РУДА ЖЕЛЕЗ ПР;14116;14116;3081.38;1235.78;4317.16;1217.10;0.00;0.00;5534.26;3800.98;9335.24;8446.62;1
421;1840_1640;1840;1640;ШТЕЙН НИКЕЛЕВ;15165;15165;257.37;0.00;257.37;270.50;0.00;0.00;627.87;548168.40;548796.27;1034280;2
423;77540_61050;77540;61050;ГЛИНОЗЕМ;15106;15106;1868.19;634.17;2502.36;859.13;0.00;0.00;3361.49;35174.14;38535.63;45680.7;2
424;77300_77000;77300;77000;ОКАТЫШИ Ж/РУД;14111;14111;196.00;43.29;239.29;333.33;0.00;0.00;572.62;3939.98;4512.60;8000;3
425;94470_94700;94470;94700;КОНЦЕНТР МЕДН;15116;15116;647.19;52.82;700.01;250.58;0.00;0.00;950.59;101210.20;102160.79;389270;4
427;88790_2780;88790;2780;ГЛИНА БЕНТОНИТ;24122;24122;1340.33;0.00;1340.33;670.43;0.00;0.00;2010.76;2938.37;4949.13;6827.76;6
428;2310_26270;2310;26270;ЩЕБЕНЬ ГРАН ПР;23239;23239;623.40;0.00;623.40;435.88;0.00;0.00;1059.28;1068.34;2127.63;1672.46;8
429;2310_24360;2310;24360;ЩЕБЕНЬ ГРАН ПР;23239;23239;666.56;0.00;666.56;435.88;0.00;0.00;1102.44;1068.34;2170.79;2076.86;3
430;88780_20080;88780;20080;ГЛИНОПОРОШОК;24128;24128;1270.71;0.00;1270.71;644.35;0.00;0.00;1915.06;15043.82;16958.88;26577.06;7
431;88790_2780;88790;2780;ГЛИНА БЕНТОНИТ;24122;24122;1340.33;0.00;1340.33;670.43;0.00;0.00;2010.76;2938.37;4949.13;6827.76;6
432;79320_88250;79320;88250;ИЗВЕСТЬ НЕГАШЕН;23311;23311;1013.44;0.00;1013.44;586.10;0.00;0.00;1599.54;7429.27;9028.81;11982.69;3
433;81400_62370;81400;62370;ЩЕБЕНЬ ПР;23243;23243;474.27;0.00;474.27;286.38;0.00;0.00;760.65;1312.00;2072.65;1956.35;4
434;3210_81300;3210;81300;КИРПИЧ СТР ПР;25313;25313;1624.24;833.51;2457.75;1287.19;0.00;0.00;3744.94;3178.62;6923.56;5676.11;7
436;3380_58310;3380;58310;ПЛИТЫ ЖЕЛЕЗБЕТ;25409;25409;1584.23;0.00;1584.23;532.00;0.00;0.00;2116.23;8256.51;10372.74;11795.01;2
438;20090_20120;20090;20120;П/ЦЕМЕНТ СТР;28104;28104;412.46;131.60;544.06;289.29;0.00;0.00;833.35;3105.90;3939.25;6090.00;16
439;53110_53260;53110;53260;П/ЦЕМЕНТ СТР;28104;28104;925.62;0.00;925.62;286.38;0.00;0.00;1212.00;2618.70;3830.70;6090.00;7
440;20090_20120;20090;20120;П/ЦЕМЕНТ СТР;28104;28104;412.46;131.60;544.06;289.29;0.00;0.00;833.35;3105.90;3939.25;6090.00;16
441;2380_23780;2380;23780;ЩЕБЕНЬ ПР;23243;23243;647.07;0.00;647.07;465.36;0.00;0.00;1112.43;1761.83;2874.26;2696.02;4
442;29610_28660;29610;28660;ЩЕБЕНЬ Д/БАЛ ЖП;23603;23603;614.36;0.00;614.36;393.77;0.00;0.00;1008.13;1686.86;2694.99;2243.64;3
443;29610_29050;29610;29050;ЩЕБЕНЬ ГРАН ПР;23239;23239;249.80;0.00;249.80;286.38;0.00;0.00;536.18;1686.86;2223.04;2422.73;12
445;88790_43840;88790;43840;ГЛИНА БЕНТОНИТ;24122;24122;1270.71;0.00;1270.71;644.35;0.00;0.00;1915.06;2938.37;4853.43;6732.06;4
446;88790_43860;88790;43860;ГЛИНА БЕНТОНИТ;24122;24122;1270.71;0.00;1270.71;644.35;0.00;0.00;1915.06;2938.37;4853.43;6732.06;4
447;79320_83150;79320;83150;ИЗВЕСТЬ НЕГАШЕН;23311;23311;544.53;0.00;544.53;460.51;0.00;0.00;1005.04;9226.67;10231.71;11982.69;2
448;2210_18020;2210;18020;ЩЕБЕНЬ ГРАН ПР;23239;23239;614.36;0.00;614.36;429.57;0.00;0.00;1043.93;1068.34;2112.27;2696.02;7
449;2310_23780;2310;23780;ЩЕБЕНЬ ГРАН ПР;23239;23239;614.36;0.00;614.36;465.36;0.00;0.00;1079.72;1068.34;2148.07;2696.02;3
450;2310_18180;2310;18180;ЩЕБЕНЬ ГРАН ПР;23239;23239;614.36;0.00;614.36;465.36;0.00;0.00;1079.72;1068.34;2148.07;2696.02;2
451;3210_29040;3210;29040;КИРПИЧ СТР ПР;25313;25313;933.94;155.40;1089.34;581.31;0.00;0.00;1670.65;3178.62;4849.27;5676.11;1
452;79320_79870;79320;79870;ЩЕБЕНЬ ПР;23243;23243;647.07;0.00;647.07;393.77;0.00;0.00;1040.84;1443.20;2484.04;2422.73;2
453;80540_64840;80540;64840;ЩЕБЕНЬ ПР;23243;23243;494.22;0.00;494.22;357.97;0.00;0.00;852.19;1986.75;2838.94;2991.35;4
454;81730_25240;81730;25240;ЩЕБЕНЬ ПР;23243;23243;628.25;0.00;628.25;393.77;0.00;0.00;1022.02;1536.92;2558.93;3360.74;1
455;81390_65730;81390;65730;ЩЕБЕНЬ Д/БАЛ ЖП;23603;23603;420.23;0.00;420.23;322.17;0.00;0.00;742.40;1312.00;2054.41;2143.85;9
456;58320_62400;58320;62400;ЩЕБЕНЬ Д/БАЛ ЖП;23603;23603;436.45;0.00;436.45;357.97;0.00;0.00;794.42;1312.00;2106.42;1956.35;6
457;88790_43840;88790;43840;ГЛИНА БЕНТОНИТ;24122;24122;1270.71;0.00;1270.71;644.35;0.00;0.00;1915.06;2938.37;4853.43;6732.06;4
458;88790_43860;88790;43860;ГЛИНА БЕНТОНИТ;24122;24122;1270.71;0.00;1270.71;644.35;0.00;0.00;1915.06;2938.37;4853.43;6732.06;4
459;88790_77300;88790;77300;ГЛИНА БЕНТОНИТ;24122;24122;941.77;0.00;941.77;501.16;0.00;0.00;1442.93;2938.37;4381.30;6259.93;3
460;3380_93160;3380;93160;ПЛИТЫ ЖЕЛЕЗБЕТ;25409;25409;3825.78;0.00;3825.78;798.00;0.00;0.00;4623.78;8256.51;12880.29;11795.01;4
461;58320_19290;58320;19290;ЩЕБЕНЬ ГРАН ПР;23239;23239;401.64;0.00;401.64;317.57;0.00;0.00;719.21;1312.00;2031.21;2083.74;10
462;76790_77000;76790;77000;КОКС ДОМЕН;17103;17103;508.57;186.25;694.82;581.18;0.00;0.00;1276.00;19047.99;20323.99;22409.4;2
463;84140_59220;84140;59220;КОКС ДОМЕН;17103;17103;2139.47;1011.73;3151.20;1065.49;0.00;0.00;4216.69;13669.73;17886.42;22409.4;3
464;87130_21190;87130;21190;КОКС ДОМЕН;17103;17103;2160.37;1031.55;3191.92;1113.92;0.00;0.00;4305.84;16582.96;20888.80;22409.4;9
465;84140_79380;84140;79380;КОКС ЛИТЕЙН;17105;17105;1615.77;820.36;2436.13;1029.17;0.00;0.00;3465.30;13669.73;17135.03;22409.4;2
466;19330_52780;19330;52780;МЕЛОЧЬ КОКСОВ;17110;17110;1408.17;640.76;2048.93;905.67;872.24;0.00;3826.84;13200.00;17026.84;15000;5
467;84140_84330;84140;84330;МЕЛОЧЬ КОКСОВ;17110;17110;502.80;198.03;700.83;452.83;0.00;0.00;1153.66;9150.00;10303.66;15000;2
468;19330_21390;19330;21390;КОКС ПР;17108;17108;421.11;133.06;554.17;640.37;0.00;0.00;1194.54;19720.27;20914.81;22409.4;2
470;76790_21390;76790;21390;КОКС ДОМЕН;17103;17103;1540.00;772.10;2312.10;968.63;0.00;0.00;3280.73;19047.99;22328.72;22409.4;6
472;76790_52100;76790;52100;МЕЛОЧЬ КОКСОВ;17110;17110;1868.28;800.97;2669.25;1070.33;872.24;0.00;4611.83;12750.00;17361.83;15000;5
473;87130_77000;87130;77000;КОКС ДОМЕН;17103;17103;1582.24;777.76;2360.00;1113.92;0.00;0.00;3473.92;16582.96;20056.88;22409.4;4
474;30250_86410;30250;86410;ОРЕШЕК КОКСОВ;17111;17111;2295.80;1098.47;3394.27;1356.08;0.00;0.00;4750.35;13200.00;17950.35;20000;2
475;77000_77300;77000;77300;МЕЛОЧЬ КОКСОВ;17110;17110;258.32;53.23;311.55;411.67;0.00;0.00;723.22;9900.00;10623.22;15000;2
476;19330_52780;19330;52780;КОКС ПР;17108;17108;1462.33;681.08;2143.41;1006.30;872.24;0.00;4021.95;19720.27;23742.22;22409.4;6
477;19330_92450;19330;92450;ОРЕШЕК КОКСОВ;17111;17111;2664.39;1312.86;3977.25;1743.53;0.00;0.00;5720.78;17600.00;23320.78;20000;5
478;87130_88260;87130;88260;ОРЕШЕК КОКСОВ;17111;17111;800.41;386.73;1187.14;726.47;0.00;0.00;1913.61;14800.00;16713.61;20000;2
479;81420_54490;81420;54490;ОРЕШЕК КОКСОВ;17111;17111;1866.84;842.41;2709.25;1404.51;0.00;0.00;4113.76;15600.00;19713.76;20000;2
480;76790_97000;76790;97000;КОКС ЛИТЕЙН;17105;17105;3984.00;1912.48;5896.48;2264.17;0.00;0.00;8160.65;19047.99;27208.64;22409.4;1
481;84140_84330;84140;84330;КОКС ЛИТЕЙН;17105;17105;675.94;275.60;951.54;566.04;0.00;0.00;1517.58;13669.73;15187.32;22409.4;2
482;81420_86410;81420;86410;КОКС ДОМЕН;17103;17103;1817.55;878.55;2696.10;1162.35;0.00;0.00;3858.45;17479.33;21337.78;22409.4;2
483;87130_77000;87130;77000;КОКС ДОМЕН;17103;17103;1649.73;812.23;2461.96;1113.92;0.00;0.00;3575.88;16582.96;20158.84;22409.4;4
485;84140_88260;84140;88260;ОРЕШЕК КОКСОВ;17111;17111;1103.76;584.06;1687.82;823.33;0.00;0.00;2511.15;12200.00;14711.15;20000;1
486;81760_51330;81760;51330;МЕЛОЧЬ КОКСОВ;17110;17110;1567.52;736.16;2303.68;905.67;0.00;0.00;3209.35;11250.00;14459.35;15000;10
487;30250_17410;30250;17410;МЕЛОЧЬ КОКСОВ;17110;17110;898.58;443.54;1342.12;658.67;0.00;0.00;2000.79;9900.00;11900.79;15000;3
488;30250_17410;30250;17410;МЕЛОЧЬ КОКСОВ;17110;17110;834.77;415.48;1250.25;658.67;0.00;0.00;1908.92;9900.00;11808.92;15000;3
489;21190_81650;21190;81650;МЕЛОЧЬ КОКСОВ;17110;17110;1556.82;684.13;2240.95;1111.50;0.00;0.00;3352.45;14250.00;17602.45;15000;3
490;19330_92450;19330;92450;ОРЕШЕК КОКСОВ;17111;17111;2702.98;1336.53;4039.51;1743.53;0.00;0.00;5783.04;17600.00;23383.04;20000;5
491;76790_87040;76790;87040;КОКС ЛИТЕЙН;17105;17105;1834.50;902.90;2737.40;1132.08;0.00;0.00;3869.48;19047.99;22917.47;22409.4;2
492;77000_77300;77000;77300;МЕЛОЧЬ КОКСОВ;17110;17110;328.22;67.65;395.87;411.67;0.00;0.00;807.54;9900.00;10707.54;15000;2
493;81420_81650;81420;81650;КОКС ЛИТЕЙН;17105;17105;673.67;239.02;912.69;463.13;0.00;0.00;1375.82;17479.33;18855.15;22409.4;4
494;87130_98930;87130;98930;МЕЛОЧЬ КОКСОВ;17110;17110;3000.27;1313.10;4313.37;2593.50;0.00;0.00;6906.87;11100.00;18006.87;15000;1
495;84140_59230;84140;59230;МЕЛОЧЬ КОКСОВ;17110;17110;1992.82;913.58;2906.40;1152.67;0.00;0.00;4059.07;9150.00;13209.07;15000;5
496;30250_2010;30250;2010;МЕЛОЧЬ КОКСОВ;17110;17110;731.30;312.45;1043.75;658.67;1034.28;0.00;2736.70;9900.00;12636.70;15000;2
498;76790_21390;76790;21390;КОКС ДОМЕН;17103;17103;1475.43;738.84;2214.27;968.63;0.00;0.00;3182.90;19047.99;22230.89;22409.4;6
500;81420_86410;81420;86410;КОКС ДОМЕН;17103;17103;1863.57;902.21;2765.78;1162.35;0.00;0.00;3928.13;17479.33;21407.46;22409.4;2
502;87130_21190;87130;21190;КОКС ДОМЕН;17103;17103;2274.08;1094.65;3368.73;1404.51;0.00;0.00;4773.24;16582.96;21356.20;22409.4;9
503;76790_7640;76790;7640;КОКС ДОМЕН;17103;17103;1815.12;828.53;2643.65;1162.35;1034.28;0.00;4840.28;19047.99;23888.27;22409.4;3
505;77000_93290;77000;93290;КОКС ПЕК КАМ/УГ;17106;17106;2043.64;945.08;2988.72;1192.41;0.00;0.00;4181.13;14790.20;18971.34;22409.4;4
506;76790_7640;76790;7640;КОКС ДОМЕН;17103;17103;1763.96;804.86;2568.82;1162.35;1034.28;0.00;4765.45;19047.99;23813.44;22409.4;3
507;19330_20120;19330;20120;КОКС ЛИТЕЙН;17105;17105;908.90;410.89;1319.79;668.96;0.00;0.00;1988.75;19720.27;21709.02;22409.4;5
508;77000_93290;77000;93290;КОКС ПЕК КАМ/УГ;17106;17106;2082.24;965.90;3048.14;1192.41;0.00;0.00;4240.55;14790.20;19030.76;22409.4;4
510;76790_52100;76790;52100;МЕЛОЧЬ КОКСОВ;17110;17110;1910.85;821.08;2731.93;1070.33;872.24;0.00;4674.51;12750.00;17424.51;15000;5
511;81760_80140;81760;80140;МЕЛОЧЬ КОКСОВ;17110;17110;502.80;198.03;700.83;576.33;0.00;0.00;1277.16;11250.00;12527.16;15000;2
512;87130_59220;87130;59220;КОКС ДОМЕН;17103;17103;2160.37;1031.55;3191.92;1113.92;0.00;0.00;4305.84;16582.96;20888.80;22409.4;1
513;19330_77000;19330;77000;КОКС ПР;17108;17108;1459.33;717.87;2177.20;1006.30;0.00;0.00;3183.50;19720.27;22903.77;22409.4;5
515;19330_20120;19330;20120;КОКС ЛИТЕЙН;17105;17105;991.90;444.50;1436.40;668.96;0.00;0.00;2105.36;19720.27;21825.63;22409.4;5
516;29810_62850;29810;62850;ПИЛМАТ ПР;9111;9111;2118.42;0.00;2118.42;412.93;0.00;0.00;2644.25;33856.00;36500.25;40600.00;4
517;29170_3560;29170;3560;ПИЛМАТ ПР;9111;9111;1475.87;0.00;1475.87;412.93;658.06;0.00;2659.77;29808.00;32467.77;40600.00;2
519;29810_98610;29810;98610;ПИЛМАТ ПР;9111;9111;6649.39;0.00;6649.39;1156.20;774.19;0.00;8895.91;33856.00;42751.91;40600.00;1
520;29810_7570;29810;7570;ПИЛМАТ ПР;9111;9111;1392.48;0.00;1392.48;454.22;658.06;0.00;2628.96;33856.00;36484.96;40600.00;1
521;30060_1180;30060;1180;ЩЕПА КР КРОВЕЛ;10307;10307;1306.94;769.61;2076.55;784.31;0.00;0.00;2860.86;6885.00;9745.86;8500.00;2
522;27350_85030;27350;85030;ФАНЕРА КЛЕЕНАЯ;9407;9407;3384.50;596.89;3981.39;869.38;0.00;0.00;4850.77;60590;65440.77;73000.00;3
523;29610_62850;29610;62850;ПИЛМАТ ПР;9111;9111;2397.35;0.00;2397.35;454.22;0.00;0.00;2975.77;32480.00;35455.77;40600.00;3
524;89580_98610;89580;98610;ПИЛМАТ ПР;9111;9111;4844.52;0.00;4844.52;825.85;774.19;0.00;6670.37;35322.00;41992.37;40600.00;1
525;89580_52100;89580;52100;ПИЛМАТ ПР;9111;9111;2932.98;1183.10;4116.08;585.00;900.00;0.00;5601.08;35322.00;40923.08;40600.00;6
526;29810_26190;29810;26190;ЩЕПА КР КРОВЕЛ;10307;10307;1437.22;873.29;2310.51;784.31;0.00;0.00;3094.82;7820;10914.82;8500.00;4
527;29870_64890;29870;64890;БАЛАНСЫ ХВОЙН;8104;8104;927.70;442.48;1370.18;260.00;0.00;0.00;1630.18;3587.14;5217.32;4428.57;4
528;29170_61840;29170;61840;ПИЛМАТ ПР;9111;9111;2272.60;735.97;3008.57;503.75;0.00;0.00;3512.32;29808.00;33320.32;40600.00;7
529;29610_7640;29610;7640;ПИЛМАТ ПР;9111;9111;1601.42;0.00;1601.42;454.22;658.06;0.00;2837.90;32480.00;35317.90;40600.00;2
530;29050_93730;29050;93730;ПИЛМАТ ПР;9111;9111;5301.77;0.00;5301.77;908.44;0.00;0.00;6458.60;29808.00;36266.60;40600.00;6
531;29780_29000;29780;29000;БАЛАНСЫ СВ 1,5М;8103;8103;589.95;237.95;827.90;260.00;0.00;0.00;1087.90;2700.00;3787.90;3333.33;4
532;29780_29000;29780;29000;БАЛАНСЫ СВ 1,5М;8103;8103;589.95;237.95;827.90;260.00;0.00;0.00;1087.90;2700.00;3787.90;3333.33;4
533;88250_98930;88250;98930;ПИЛМАТ ПР;9111;9111;2978.32;1206.95;4185.27;617.50;0.00;0.00;4802.77;30176;34978.77;40600.00;18
535;88250_93280;88250;93280;ПЛИТЫ ДВП;12201;12201;2480.85;395.32;2876.17;727.60;0.00;0.00;3603.77;30176;33779.77;58000.00;1
536;29170_3560;29170;3560;ПИЛМАТ ПР;9111;9111;1659.68;0.00;1659.68;495.51;658.06;0.00;2948.74;29808.00;32756.74;40600.00;2
537;29810_3560;29810;3560;ПИЛМАТ ПР;9111;9111;1155.19;0.00;1155.19;371.63;658.06;0.00;2286.51;33856.00;36142.51;40600.00;7
538;29810_1090;29810;1090;ЛЕСМАТ СВ 2М;8110;8110;1046.65;507.55;1554.20;260.00;0.00;0.00;1814.20;3066.666667;4880.87;3333.33;7
539;88250_52100;88250;52100;ПИЛМАТ ПР;9111;9111;2787.52;1084.58;3872.10;585.00;900.00;0.00;5357.10;34916.00;40273.10;40600.00;41
541;29810_93730;29810;93730;ПИЛМАТ ПР;9111;9111;5013.00;0.00;5013.00;825.85;0.00;0.00;6064.66;33856.00;39920.66;40600.00;13
542;88250_98610;88250;98610;ПИЛМАТ ПР;9111;9111;5109.26;0.00;5109.26;867.15;774.19;0.00;6987.70;30176;37163.70;40600.00;10
543;88250_98610;88250;98610;ПИЛМАТ ПР;9111;9111;4837.19;0.00;4837.19;701.98;774.19;0.00;6505.30;30176;36681.30;40600.00;10
544;29160_29810;29160;29810;ПИЛОВОЧНИК ВС;8118;8118;792.13;360.80;1152.93;260.00;0.00;0.00;1412.93;12880;14292.93;14000.00;2
545;29810_98020;29810;98020;ПИЛМАТ ПР;9111;9111;6300.32;0.00;6300.32;908.44;774.19;0.00;8231.34;33856.00;42087.34;40600.00;2
546;29170_62850;29170;62850;ПИЛМАТ ПР;9111;9111;2397.35;0.00;2397.35;454.22;0.00;0.00;2975.77;29808.00;32783.77;40600.00;3
547;30060_27350;30060;27350;КРЯЖ ФАНЕРНЫЙ;8117;8117;759.72;327.52;1087.24;252.78;0.00;0.00;1340.02;14807.69;16147.71;19230.77;2
548;29050_94700;29050;94700;ПИЛМАТ ПР;9111;9111;5294.42;0.00;5294.42;784.56;0.00;0.00;6293.50;29808.00;36101.50;40600.00;19
549;29610_3560;29610;3560;ПИЛМАТ ПР;9111;9111;1268.13;0.00;1268.13;371.63;658.06;0.00;2399.44;32480.00;34879.44;40600.00;4
